id,nome,preco,categoria,foto
1,Whopper,42.50,hamburgueres,../img/Whopper.jpg
2,Big King,40.00,hamburgueres,../img/BigKing.jpg
3,Chicken Duplo,37.50,hamburgueres,../img/ChickenDuplo.jpg
4,Stacker Duplo Bacon,40.00,hamburgueres,../img/StackerDuploBacon.jpg
5,Mega Stacker 2.0,55.00,hamburgueres,../img/MegaStacker2.0.jpg
6,Mega Stacker 3.0,65.00,hamburgueres,../img/MegaStacker3.0.jpg
7,Whopper Rodeio,52.50,hamburgueres,../img/WhopperRodeio.jpg
8,Whopper Duplo,55.00,hamburgueres,../img/WhopperDuplo.jpg
9,Whopper Barbecue Bacon,52.50,hamburgueres,../img/WhopperBarbecueBacon.jpg
10,Whopper Furioso,52.50,hamburgueres,../img/WhopperFurioso.jpg
11,Whopper Vegetariano,42.50,hamburgueres,../img/WhopperVegetariano.jpg
12,Batata MÃ©dia,18.75,snacks,../img/BatataMedia.jpg
13,Bk Chicken,19.00,snacks,../img/BkChicken.jpg
14,Balde de Batata Frita,33.75,snacks,../img/BaldedeBatata.jpg
15,Coca-Cola Lata,5.00,bebidas,../img/cocaNormal.jpeg
16,Coca-Cola Zero Lata,5.00,bebidas,../img/cocaZero.jpeg
17,Suco de Laranja,7.00,bebidas,../img/pratsLaranja.jpeg
18,Suco de Uva,7.00,bebidas,../img/pratsUva.jpeg
19,Guarana Lata,5.00,bebidas,../img/guaranaNormal.jpeg
20,Guarana Zero Lata,5.00,bebidas,../img/guaranaZero.jpg
21,Agua,3.00,bebidas,../img/agua.webp
22,Balde Ovomantine,15.00,sorvetes,../img/Balde_ovomaltine.png
23,Balde Brownie,15.00,sorvetes,../img/Balde-Brownie.png
24,Balde de Doce de Leite,15.00,sorvetes,../img/baldeDeDoceDeLEITE.png
25,Balde de Diamante Negro,15.00,sorvetes,../img/baldeSorveteDiamanteNegro.jpg
26,Casquinha Mista,15.00,sorvetes,../img/Casquinha_mista.png
27,Casquinha De Baunilha,15.00,sorvetes,../img/Casquinha_baunilha.png
1749731220854,lanche atoa,1.19,lanches,data:image/jpeg;base64,/9j/4AAQSkZJRgABAQAAAQABAAD/2wCEAAsICAoIBwsKCQoNDAsNERwSEQ8PESIZGhQcKSQrKigkJyctMkA3LTA9MCcnOEw5PUNFSElIKzZPVU5GVEBHSEUBDA0NEQ8RIRISIUUuJy5FRUVFRUVFRUVFRUVFRUVFRUVFRUVFRUVFRUVFRUVFRUVFRUVFRUVFRUVFRUVFRUVFRf/CABEIA4QEsAMBIgACEQEDEQH/xAAyAAACAwEBAQAAAAAAAAAAAAAAAQIDBAUGBwEBAQEBAQEAAAAAAAAAAAAAAAECAwQF/9oADAMBAAIQAxAAAADUJ5rB0AkZEJADaCTQScWMAGgkJq2mAmNpjGCYDYAAjakEkxsKJDgbYpKVA0MHA1Kk2ADUEwacMTBgAAAhghiKbQDCGIpgSCaABQGgAAAAAhDBgAAAAhgAJ0AABAAAFAwAITCgAGmAACIaAGmAmAMQAwAAoABogAPHSi5W4lSEkYA2iG0U2mScJDABpjAWTTGmDGDCREkADRDYSAbAbUgmpUA4JJgxiY6jIYA1TCGBQBDaYAAAAAACaYAAANMpgSJMABQAYCCAAFASNpgAAIaGIAAYAUAANAADQMQMAEAwIYgAAAAAJJgmgAAAYAxADQAHjiJLITqSQNxEkRY5RY5RCbi1bixyTBpjYDkmDbExgDE2AEhMYMaEmKNtBpjY6GEACjAYAAwBiGhtMYAgKTCAFQAMHAAAA00gCtYnAAMBAATAEAMAAEMENABQwAAAAABoGACYAIGmAEAAAxAAANpiHEYgYAwAAoAgAPFuBLNwKmkEiKiZCVk3Aiwg6mRZKdbWxwCbiyUoMlODqbjKG0xsYMBSABsJDFNSBkhNgNOgYCagakAOgCAAbixiBgABSYAmCGA0QAABQBDEDAAATTGCQAUAGAgAAAAhgABQADTBMEANNDEDQwAATAAABiIABuMhKSE0wGhgAAAAAHiGhWCGBI0wTCmANjhhKhpjakOSkrYwYxyjIcoyG4slKMgakJsGxikSFIKYOAAbTEpIUk6GEAAAAAMChpgAAAAQAAAAAAAAMQDQMQMCgCAAAAaEYgGAAAAAFAANMAQADE1QCAMTQMAAAAACAAYAIAaYADAAAAAAPEMFBgNNAYIYDGDGKQEhSCQxtSUakOUJDYxtMbiyTiyUoSJikSIsm4TFIKbTgakAIYApIGAAmAAADBiYAAAAAAAAAACYAAAAAAIG0wAAAAAAABBgAAAABQADAQAAQAWgCAEMAAATVDTACAGIAAAAG0DAAAAKE0eKY4BgDAG4SkyLkAN0m3CkOlIYNSBqSyExtMJJjABgOUZDlFkpQZOUJEnGQNMbTQAVpqmCGBADBpggGAAIYgkkEhME0MRTEQwAAAAQwTaAAYAmgYAwSMAAAAAAE0MAAKBqGIUAoAAHAmAgGCsaGAAAQAUCcAAMBgAAAIYg8YxgNiJMQ2Rk2RbYm2RknDB0MIJJ0SGoxiYwkpCYxNgSjIYA2pDcZEmmMAlKE0QIYmrTBAU2iGAJpjEDQCYAADTGJgmCGACGJgAAAxAAAANCG0DEDAGIRiYCYAAAo0AAAAAUNEMENADChAg0DEQNFMTAQMTgaYAhtMBIaA8hJgmyEN0MkIkQhgpJ0DYmMGMGhZAxsAaY3GQ2AMBtMHGQ2mSaY2mNpjcWjTBMFAYgKbRDQDTEBNQAAJVJAAZo4SiSFqNo1GAiGlYIABiYmAMKE1AAAMAAEDAQaYAAAACgAAImKmBKAIAUxAAQ0FAAAAAAANAwIAAaABiGjyjbIk2VuTE2ANQAwB0DBSGJpjG1UkxgxNgSUgGAwBpgxjBjaaSE1kANoGDENDFKEAAPOkDzU3EacOfSVc9HK0O5Y1GakCnAcL3WeF0rMqthonCreNLql6Oc0nrIAMQMAGgAAAoaIYgaAGNAAAAAAAAAAABQBAAAFAEAKAAAAAGgYgYOEAAAAAAAB5htiG1QwTGkW2RbcRci1EmRbBKTE1YRJIGMBsTGMYIChpw2nA5POkTfHpBuCzUpYpG1WQk7qpjpli47NEc2ML2lFk4SxVhK4TNSEpNIziqrja4jOUaVVtkU2wlUSU0plAtUbCM9ewXm364lUbc/TNrxvc1uqzrzYGsgmAwQAAAMGCRpA2mAAAAAAAAKAIJgAAAAFAAAAAAAAQxFMQMCAAAAAPOjAUhUSBKSExom3CYxMdIGCbCSkqGCZITGJsGDIjQpKcGs2eXvVVqOO8M25ZVxlSWksjYjWZVziQnALYkalKIllNkozF1K2WQlZKKdhFhOE4kRojOFiyi4ENGa6JUaaAlCwSJrW1IqsSI13GbmWmE1Tba+/Kl03duYJay2FDQNwaMTVDAGhgIAKAAAgAAAAKJpAEMToaYAoYAmgYACYNAxOgEMCEDrz7ZKAwBiUgQxAGIYA2JjFIYmxUSBMc0SivH3lZbfm51rosrnKdzmuhbbKyEuVsUbtTHK7MU61atsHRqWFcYtjCUWxa1CYhwkirRCJdQmicRZKUUm42AqbAlECUC22NbE1IL6IxZB1jnUF0HAsFIEA42VFkLsmbOSkct75JU51ejEkHTGSFvJ8OO9Pk9b2UE+tBMGgbi0AAAAQMTAENAogGCJEWgDAAQCjTQAAAABoKGIADhNkqGImwTJEVNCJMQ2RJIYSE21iShDdFnj9V6zz8/SUbI41puyaevO9VG8TIypEAuqcIt0ZbQiwsrirAruKyblSaDXj0MyjKrSVbsKpkSLcgtoQQVkaCJpRKcAtjMm6gonAVyGkoJ1KVcxQlfGcvylzpmWupJKNtcrhmJdTovqElWl1Vli0RnGznYvQLjnhdqT0En64NPrzAKGCCESEAAoAAIAYhoaYIAYmAAAAAjQA0DAABQBAA4jYIkCYxEmRbYhggYAxMYNcXj26GTk9T5/v6KhVwr10bunNXuz0car61vDjfniUZSIWQCZTZmwujMcqNRlqvzS2W12akbFWTlnuimWuNV1aMkX30PUvgoWSrJS21ssp0w0EK5UF6zwl2Sx6NJOqSRc85fOMyqFmI2QnIdhSXuGpM+XqcpZDUJSgsBkTnVIBCWWRWl+SUJYX1zldtUpISTUUlUK7aJq9Rn15xBducgOmACwAVAAAAAIBiYADQAAAAxMAAABoRoBpo5I2RYxMYAwakJsIk0RJJUl5/z+h0U9Dw++vfzrOeupbjlnN2rPdvlq1Yr+/HRRYunOFV1UVacGyWyNqpThOI121Zue7JoxbNZX2xKOiqyiITVMb9MRnOvUtpcyiyMiN9bQdUCbcyqym2oWqRW7YhFhUSuK1oqK5MIjiXRpkVudso86Tq1ZdBjpsebAdlRbVQsi0spjGJyVdXqNpBClm27FBizU4rFwWarVIM2iGbET3GrF35QEdsNBrI0ACGAAAxMABNMAAAGJgAAAAAIOYwQYxMAGAMGMBMVQlxuPbNkjb876IEmiNspaVOMu3ZxN+c9S/m3a49azBr68bK5S7c4khFCwK761m3ZdsIwXQlLdOi/eb667LK3oiU30zHVLaYc9tebZdGepBThULabpYBUmi3LdTgRLYXVkW6TW8si5ZrBSoWbrrvr1JVWqK1GS1TTWzRksZp20EVxTzotxW1ZNrWZQtzxZVFyl8XqaqpYDVGUSKcRyjYqzaaso6qy1tTqoDnq2KdmeRPOqidNWqC9fCwjLrzGjUYgbTAABAwAAAAAAAGhDAOc2ImADAGKFFUb6uLRi9qrjHProyOHi+hNSM6rUpNQldGI1aKpYzZLZpzKOxdwunOfTtxnTh0Si30cGx7zRTsx89KcLM227FfZqee3eVVsVQvx2wast1lF+WQQ2xMzeOXfXZSKuOnNLabNxWhZllYiu4BlcllBVwpNlOiqRqK5JTZnJSx1rZFNIKwpFucsIWSRo3SqanVZRnucuKOivG7dOLVrNtSLJWVsjJMZQxtxWcZ0E76bCqQSllSiyq+EtdWrPz2s2uU1lsuhYpUz9PKYHbmxHTm0Fg0IwLQAGgYAAAAAIxMSMjgl6FeLBm9Lm4MEeiw8qWbOmy1ZbqLPJ70Qlx7FsIrfOpy1XQjLYrKyEoNZSJZWXYtsLqc9TPat5Etcutby7enLo0qztxpr3R1nJOdi02VhfLNoskWVjtx2wTmWOVdZsKJ2UVa4y02xpl2CNZscAprcZrTGN9mOO2vNy3mkzV2wpQtUSlKFZrajN0UTDPZl6MSnTPccZTSjbnvLKNGRHzrK8b0TojqWltFl0bJlCaW6FkrCDrE67IotERqsJZaKLrIOIOymauixypTM3POmnGui8Ll1ELKxTtljeG+tbxpK335TIz9HJDXTI0WMTGgAAAAAOXi8zPlrp8kqHZG0qLlJGSFcq5Z3okjx/RU4XY1CxE1JSSwsjEsrvqhMUtsUDvg4i04vlkI2Wc8Oxp4WvXPt28XZ04b7MM+vLTBT1HdTO5tqsLMdtsCcVOyNdlcu2iJZalJIxlFZ3VNHGNbWhVshG+ZQphC+qURjXplzx3VkITLKSwlMuoijXWy6DlZKFEY1zyVy6cmW7NlNz1KHodkpD1IiRTKyJPXllU8OnLmy0ZNghqsl2W6FdU6vpupgFjmugs9ySlEppOERlNWV5rItqcs3DonHOoR1Zcay0dDFjro2YNnXlaSh9LxMDphiKYmAAAHzOZZy0iaRkQcRQIYtmTocO1alV5voxuptXRBLNlGQqZCWwjEldnkOE74FTbC2ZgcZVgrtZzycSyCUtnQyX5j1czrSSuwxvPpX8azeO0cqyzpT5j68ulHHZrN5TLWbLKLN5mIqcCqJToedWuDuZ3UWaKFoVTIwyqxVoopjRSlLGzHtgU7NTPG+mJX5LyhTnCLFWPZG2yUHCouojTGMCaU6hbCSWwVUss9pmwupsWSBKbIztlGcUpsVkrz7IxkuuFitRWayM+epSjbVUnZJhlZTjc63ZLUy9Msegqw0dPHz3Erv786wPqeIAsGmDTBNHzsFxohAkVIRDS14k9EsPzmiJK/XsqlK7qc5FcTDWq3n9UqajNTbjE7qrIqdjiKnWQmhZUzZbRbbENOblr2MkZy3X5tGY4mgpt144snAxrbHNqYlUrE1Rpt3znbij1x0LOZPeOkufdc6IVms2KNmsIZqFlM60KqesqjRVm3QhZUVKErjXKLroatTLPVkEp7TJm7EbObo2vU5Z1ppyl1K5eXHpVS4XptMJ0Wcx9OmXCr786xPVKOdZ0Jxgq3Zs6qlXbjd1SjlfLK8711UtNcImsyrU81WSz1OcJClTKHSGdKU4Sum/n5vbrrs78ZkWmGOjK2xn2fnoCwaY0AAHzlC5UTio0ADzNHSWX5vOjNFyaNlHYnu51tNevfe6XdWwuQXc8AjYsrq1G/PGjK3RntUUqwTCNhKWzForzc916q0HEJyqNMq9Sc+joUTVt1Mok67cpzrcWyqSXW1WsmmL1zjOERlM86tsolrOyuM+nIldZ6OMCydziWyHTNEdmizmXFkUbZWVRMtzGThqZoYdXLprtrv781Yp6xAaJZ7aMaIzM6hLTBKIW089uE6s7kNSoqhz1pVEqr58reXbaq7d81CxRnlbVjddqs1JWZ7bknW0kVX6RB2QqtjjbYIoygpz9Obn0330y6crJVRsy2Zdud1Afd+YmFgADQNNHzdC5aaBBCC2rucZm7Dh8zn6Hi4Mdmb0PJeHa4fpeE9uIsq9H0nFqaE7KgWEXQolEbY1rers5oqlEsJyiOrPoxaLXIrjbYZ3PWuNwmV2SmVLTDKJYFELnLXobyhJMtnToZLM7S2FSW+UKy6yM2ZziM6Envndq52jeN1cF25BU1ndiI32cnVZuhSXGpM6YzV5Tl16N+XR3522Vz6cnBohG6WbVKSh1zhlVG2GOlaazuYo2SpshnVLdPLrZUqsaubs1K5JROE0N0W7KdV2ZFxsFOpWTnTdWauE+fS9qespkEqsjDGtUIx3BEpcV84dcID7HzgCgYIYAB80E+VEIBBP0/nPQ/Pxrwwu8XPkZvRQjg9TfoKcW/irxepwavoev09vP08PpXTzW3dkKHKlJTSjbFc2qi+zQ6FGmeeUbyjVlU2ytXC03RgbsLrL9DUlkU82EiysqUZbJuI9FUIuIEXKSmabLdGmGdV5VY7YhtwzZ2yzz1zulRNNDhXrD0YJGynTTvOe6Owcqr+vO2Nj68fKaO5n8/d6eb0uuL2jvxbU7BjuYJrGhCiNIufWGXpxzrI9ClhTbVnSpsr59KnY86JD3kJKEOJKClpG0URSM2ajbZC2NVmjnbM2dao5dMZobRa3Jo0RskKBZRZT9DysD2+cARgUAAAfMxHKicQSQ+zxPRePnq63Ns+Xjp8/Zr43ly0nSc7n7smnn+L7Dz/svP7fLj26+in530fL6bLq+fetXxvSMbHLTNsgTrSySsluspsS6FueLoxmsVG0deutIX02y2RRJPNcpc90bJZ6s07nRz7gcdmOLZwItlTbcxuosqUiCIruzp3EdZYVxdfjuudFlVu+SlKu5z6lcSkzry0Srs78Fyerjzvz/o/N9/j32zrt9flcqHZc4z1lV2wyiFfPciLlITqllXOrGxQtxrnrVHHWlxlNpqxCSbKE6FKNODhLKqcs0sHrI3CyOXVRjY1lxraqtWsuUHcxS52XVjyOpOeXncrifU8/0SXmOj6uXWK7NRgrGAoAfMRHKiIhF65dva30/I4ZMmzHwxyunxMPV9Xo856vjvzmXXzkhm0V7nCwel5fq1zNGW7vfUS5svN6+hbRfn6cnBuiY1str0TFN8WsNeexa6jJqa5MzToZ64Vc7SucYS236Hcc+ULsbJqUOGrLEpVWywlKdRRczn103JKDeoSsbNMLYZ1eVSsnCbSF03c3QnXrndbCzWHZVb05zJnXnVow64ll1c7U43U4Gzzer0lnH1+nz7JU39MXiOnKMZQ56Vc4423FEq5ksMuqvnumx1Z6UxzbOXWE1LUUba0sISpya1krbzYZtC56lXfHcscLbiClUtdMoc+lbsxzOjRxFnPXhyaGOvzMk+fHqYboZ8uXhe38X9PefflXu16Hs+C36e4fH27msDUAZ8vRHlQIWuIGv2XgO74efZxb8nzeHF2VvoXT8ri6a+lcTucbzXOSVlGTdn6TiO2fp1KieVL6Se+nY6fktfP2998Pr49ltkK897nVKr4QtllTORK2BGrn6qqpvzXyytqUWOqEX24prqsz6sym/NOWyI4lY7rmtbMtzI01WZ7puWMhslOkIDRarI6zohCxgkWWK2Fm+c7IT687CE988OvPq57nk2w7c/IdfLu4ehXSs6c7dLPRwHFDg3lGNsc2qM5Z3Ak0rU4TVVF8efXk6M3S4d412rWFBwmrpV2XMmPeIKyrNajZFd0LtZqrzeXzn2lfhZsdHmYKpz5Hpeju58dHI6XnObVllLUnsquxidy2xv8AGel8t9HpmK5fR3Gu4JdXiRT3m3596XTuPFs3PlyRjRBoIuIdTkrnPaXeV7ny+Med0MscenVj7O90/Ley8zFXdHhnPn0Z+s5FHQyemwp1Z9qNGfN0dKfGjq766tTUtkM2N+j6ngNePV7ijDv4eslZlno2V5tyrJovrDdszS1rpVxgVM7bYqJp1c3ThtdejJEpo7qXcx1Z7UHbXYV3VLJpyXVzVgrYldyaWuMri0c+nMZLeW3LWG5x3zza8mvNlKL7c/Mc/q8fy+r1L5XU68+k6bO/BRtUqZGISTxSUZ2KFkFrjKHPay7c2enL6inz3GuaqquRz3ZZXbvEg5Fx1qONZz42czNRy87TrZnytcdYr1rbwPao8tKjznU9Lo87oU5lF8tdzTp2ixy87TdR81Or63RuL9VlKDh12SXLeVp2u/4TScsFqgkpUVjdKW+Nc8565oz/AD+PMr07pnJ6bn6+OddOvD5WemzN2mfJpp76z1keyFdsds0NVW7VXfDVXY48cz2Pk/Xcfzzlev8AE6e+/fRivn223k5L39Xp8je9Ho8fG6F79fkNOlOi2qdYVuaVE9sm7fPz/D5nosLz6998eXs136Txa5m2qyNklKCyBJOSnY1KSV6bLOnLHalldZF7xKdc94lZWbzelZvnVOcKJVTTzfB6nnPPvvem8f3bPRWZH6sXxg82UZQzZFFsruwXpoILeXXNZqjTlxdNWM5613ee8Z0z9F8v5SjHP3ebhXTl1PJ7bJjsd3h6/Njnmh5lUZ6cufV1t2nA32Y+ds810/Ney3em8fr6vomSjo+VVspqyjzbtDVNt9ffXkZeh5v0+mFqPVZKqRNxZOIymvTWvOQtHB1yxrdc0QcKLKUnU73kvaePhw+zCfj5XUJ5m7F0uZz1mqtr7KM2nn9UVTX21qjulicyO+mzHDfTpm0z3ZdPi+ht4vmT91P6W/Pep5Wn52cHPXN7zr6OBurt8rp8nk5mvB3fVrq9zl3/AD9aHCnG9/a8l7Hin5H03lJy9Pmjoe7n7nq6++Oqi3FHKy2cHTZa4ksrh6zZcPfG1W1duWKV0OXS4TsmnLeJxk9ZndXPryKedbmbqOX5rnnnYOyebjl6dNuXt/GOHXXS9D5HRnfso+D6/ffozxHmdT6fk+bS5Pbcrg2THQ1ca2c+vZpnxziwdPl1z/OdPne5ZfTbJ09eC3lOpuwW852aM2ux49+bmtvp7V35u1bPPJcbu+M7WHGtp9crsLNSzdhv4O16HyvQ896tFN2tlsjWp3ZLe+rvP9/R6L89PY+P9dcoSsk4Mm4teTFrSNU6pqEJQmoxaSKa1NH075r9Q8PHm5e3DwceNq6mJYcO3HtCqzF1ssXVw9LzKrae+r/U+L9pyxGnr+X8+LMnqOH6Ncjqucel7lNnivf8LZwesXU4GPUhg3Ueq5xrpd9FPVxld4t8MLJzxIU7clZ/VeZ6nK7vP9jzmNae74f3vV5Tk+k4/XWO7JD0b2dnzzm/fbvmlvLr9Il88Od9rb4TrOXquSqGdS8lHvPd6vnvX5a+lvwHVz29evKzxn1j+cx68vpWHyVmU8uSvnwuz8fVqdfdnODZZi0S3Kq7SbbtKL7GvAWKzvLJE82V1mvkz7p6cOVo83w/VPfcyjVicHk3Z/ddlmWclvR5GvE9Dbx9PCdHVi04W3GnFr2VTm7NWIst8f6Hn6nlYzXqzQTdQukste/k7/PMXrfK+umlXPL066bKbemr7aLOt1cbrXdnzeWrH6k3EJkGc2M67qqDhLGuUVipRRDjpb9P+V6/Pn6PR4HNx5+1yebZ6SGL1PDHnbfUw7+zkm15x4fB7nB05ee692bz8qVfKZoqtprpbsHZXoX8k87LwNWDrLsG3N1Vontkj292nP6ErfJktqlzbra5aQqhPCq2Ect/jfa+N7at7nDv6z2PnO1R4Hm8vQyezdab6U0VywlCU5H0c2rnOl08PT4zm+V0R73Ys3C09j0OT1PPdaV3N4m3v5e2OPyvZ+Q7M85dTafc5XT8co42yHRo28LzvW/RdHguzzept5GnzXq383VrXE5Hq+L1ZNTqy3buV6rlebbf5bV7XgYV+7PT6HE2Secn1cfptejHdGizFZht14rec7HU8x6nzOhDxfqedJ46jauZZqdOzn7s3zeTpc/1SKslZVc9MujbKfO5ezijNWZ6ze9WnDfu67cerrbtOLT0eZ4no/OeswNGIOfVOpuFc64jFxBBSjJCGqACWnLZJ6T0/wA27vPP1Lzvt/K30cl2w4+jdCGt5/JZPRcLxeLkx30sPHs5+5v7vmvRYt/L7PG87l57qvYsha5Mdum+JwlPEU9G/nOcuqjPsnVtXTpqwqkXc2rjdC/N4N/pMZCNtGJwsnRx+vWSxWddFl0uaiyx5aehh6fCbcWzxHTNO3Ps9DL5/wB35PpcfrvO219Cn57u+A/M+msXgcX1HOmOb0DZZjq1eZ6XvaeLs1fLuF/utUNKLPT+Snye91ee7HzW6eXVzvO4/Z4vedT1fjfVY182y1Xe/FjNGYttejnYu63Oslul5ZqOko5Z12crTstxMnTp3c0eD2+Ru5iw3Luty93PWDldHl95O2Omo3y1chbhy6uy2GxrM99XTtntctjXnn1mnRRb2nK8r6bzPprae6wE5ldlU3VCaWuNtdkUwQEIaoTKTQPVjUfVu38l7Pn9Pu8PoOL0zhssp5b4Grbi+f8AOpy9AmPN5Ojl7Z0aslEvpef1eT5mHN1c/dk0znJGzRbzmXQ54lm/n36XVUX6ltVN2rZVcZmLTHZzQutjz1qpliI49kdTm8/sx1eLLr5ukqnZZzZVeNW66dvNh8x6fz3rmfXVHrOz1fJ6Od9LHz13Od63i7sXo6sU+etGO5pj1wjnOLy3v6u98R388Ojy1nf5voY4aqNKXatWfpfN7uM9Xr5ev5o5e/J1V+18Z3V8zwfpPF6vLW3LpLNlK5TbbTfzrRKCU+oY1siYWS4xdPn7WuLk7vG9C3H3PMVv9P4ns3WXN7GiORzfT+T23beTu5urzetU3zbefNjvQcb3iTO/RWJ9s6NFGntnh+Y9J5v0pSg9JOLXmU3UzVco22unRXc4wUrTIBggKimqIuJZ2uB0+Hp977H5h6nnq+n1nB7Y5eHsVeeZJq3y+Tk4fRc3PLzuHsWdIu3y+jym/m5NPNyz0dGZyb61JdOqzOacRyfTd+7z2zre7q5W/wA8110dHnLdleuaxlvH5Xoc/F1tw10TTHvlRZUrXuc7Qr865mq2lVxeXs9TPt5fp9MHXdfnl1UMeWGHpuf0uboUTk6Gzn+Mt9BzOBL132PU+fdnhPW3c/T450/M9uOlUaOLq4c3Tx+5XG50tRvxm3p4rPK3c/r2cunGp9JxKxX5JdM9iWCGLp4e56zZZF4k78zXr6+L17ozdWjDDz+n5rM6mrJuzZSde7Dk9vjd3F16tmbRsnzCzFsfWZNMHHY5+/j8t9LH0lrV0bHvtAuOlqlI9GZ6qJd8+R5Qd0xSpyUjlUXU52rVbqRhZGznqUZpiYMcICopojGUaWjPFfRaOV1PD7u37v59d05959DD0zR0MdmZs5fWOfn8xm0cv5nkIUU9nYhwJWa+z5+ivf8AJ6sPA4UuzzOk8zm3w97l+t52Nfew4vqPnMN+uWDePPqy4PYwVztF3F9E7F3niz0uTjI9Dq8TbXsbPD9Ca9ZytXnOUrdtHqj9jzs3F5z1njvV9Xa4Ppcnkczfm2Rgjf5bshx5Q+jW1O16M0szudzzfT8We9PD1vLM/nu9y/RrLk6eLvMV2nRT3LTzzVDRHklu5XR8291OrG15m2eztMmfo8zRRsy3HUmrPOrHDepbMZq+ijCHJy+fa9zX0eb08ajfRq7SHN1+euuzz9XIjZdRr6yVstmWPH6vnLxuhKPLUbh9OtpYdtok9Wsur75s83f5L05lZXZ0OakEgjkQsg3bIesxhOJzoXUq3GUraIAKUZQFGUaipKy7p8TqcPR2dfC3eb17/UfM9Xfl9KrjK40bOR1Jy89k9hk83n8BT6Xl8eXP0a7Zy5XXNPFqdnT4Xy/Fz9P1TbPbm4SFWPN011+lkOLo0YPMbd7tm3Nz0TeXnef7PzHpmJNdJNSVY+f0sXbVGnJHrr0OfZX5MlenMz7jzPqvK+NxOhn7vqd6de7yOPlll0x+Z6fN9zPG49FK7ZRC12ZnQ14tXlnR7nA2+dp5mOjtelTXPrL9NeqIylLgJFuJzexh6K6uF1OLNatFvOjBxPTPq8t07arjo7X3Odw7N9v0+3kcnoKvn55MfSZuE89X0s+5HqYukZZcvzfo6+w8vK3pVfVbnF2iq6ZLIU4dB81511dXE6c3bajt6tsJrvitTdj5fU4XfPjXC30yycbIcoSJCDlwnBrTGUKEnZRg6vMli06bTlBIINWJMIqUSFtcTsX83f5vbs6HL18O/f7PnOrrG+affh066NM48viem43i54p27vF5KZacqmKeBON6DHv3LcejmcpwM1tX1Ovr+Z0b/FnzlXtM1ztXKx8L1+X5CPv6++3eC9bwxxzscjWZSVpy8uvJ3uSNtvffqDl9PyYhj38uTp7OAsNPsPmf0/Fs145+acPndLz3ozx5Xr23Ipw3XfXpzJSm+SWujVzkm4c1mLTR0Tv5WrU6/T523LRnWXlb6oasNlpp1c/OthhPDG3QIwLckDfX0HnNHFcuv2vN9jN6Gauhq99K3neHqxLt36Ji1Y5Z+V6Ofu9nj7u1yyVho8/kJ2z45qWhGdFj0T2VR6eu0rWu9mnmm8dDDz/OduPf4vOt93jstrt1qc4SSTTkkAc7PpytbKrK7I2USqzm9PmLUNDcGskgFJIgCKkqrjOKLpc2WOnb0c/X5fb2ruR1vP27XQ8T6f1cN+3G98NuPbHny87LTX8vyZlPLnN8aKonowKtWHoYs54OHvc/3DDc+3Tpev8AI+s8GORx/R8jd8q7X9LvT3+Pu5Z9Rw/RcPwccu14uiPO7/K66wVXrtarSO9XKnVL0tmOzx8bvYeK73PXWVlPmnL856nzPfPMhOHssKrobSujpxI22LlI6qtuDptqyMuizTn6+5zFl1POGnoufzjU6Pa8fdh6d8LVF1Vr0V+TnzfUx8vD29fV6nnvpEvmMfX5/m83Q6evP6LySzXwubsci90xX9vV6/Rx+jfwdXRb5jr46+s5WbF14vmvl+eegohX5vLpVVmtw1Ul+npzOu2N2aerKEc1S813fPerzK6F3s8crYztkxzMmpAMjDk245q2KnqZxxJYtGdUmrUME24i2iIFijJEI2RSuM1Zo6XD38fV1JZdfD07t/F089+5OV1fV5r9WDZnjGerP5+OXj9LL4c8nn+l5OefCq20er0djs8Sfn46uL2xngU9Xl9r0u5g6Hk58bTn6W74Kd0/p980rkey5Mrvn8M/P61HTnRDTjb5Csj6elVWh63TZbfrWqyvucOXP0dGp09Dz7qPncMfI6+S48rC/P8AQsYyjtdqyauedEGuUkRDbXl6+S6Z57hb9+Tqbvncu89DJBX2Z90NeS0NLqzcmrt7LKpnT21K51m62bRiWar+vib+H6XJ0559+2/U5uq/nW93n+fzctnmOocfVLt02zKza6ZnjU9gszLq5+fmwaqY5zaRXX3jJLXTE0Ms8+5k5tkPd4bLoW9eMpDSTBZNORgGTNrzzWbVk11ljZXVdFtUCCgAGmomEU1YkwimkjCaqClGOhr4vQ4+rds5t/Hv2fVeB69eyEuvn7Bh6GeWLB1cnk1yMfYzcdcentV6zw6+/VqcJdemzn9Ct5z09vBr489nF0LtrKa111lWqVYL9U5m6yqXDlHl9HO1zrN0u3TAt7rnWaQhpjdNdq7J3WMeLr8zw8sNN1XPjwuT6nzftsIXV9ktuDVjPSqlPz5zX6OlzZ96y8tYc19Xa7Opz+jl5uRd3nPvlKobq6tdZc61d/pVW2XXdFm/oScLR6LZZwer3de+fI6m2PTGLB1ccuhc+yat45h8npnmlXy6ZerkyV3o1tmUappKEqNS+uq/NqTWeUEZOnffS89ZKLa9x5beb150zzX+vxXW57U0OM6coum02RhFFdil507Mi3VKN1XCcGUIpgA0DQBGSIjVEZRFGaK1ONzXZGK9G/l6uPq6VuLdx7ex6ngvdded/V5Oq89+fVXxxz6t1fn3hjvrucUNsZOfn6WeXlrfGMle12c6O9WYVuRiNgZp6DKh3xSmGpmQ1i4lugmWGxRmtnIl2uNYdvmU87nw7mPn6PPyXE9Nks8bHrZfZMlrr06tufV5sbNWPZ5WnyXqfEer2d2Cvx59m+q3lODqus9TIrMu/TbGcvR9Cu+zVbDq1dTXG/qczpdOE58PPjp6LlV8rn172DA8dPRW45+vy4s0sHn9GauM/J6I57FpDnaNOnRplnznRdQi7MKndiqrVTRqKoT5u8789WSzbgzV9cmLRD0eYsjLWZzrmaL8mi5nJOhqUyNBSglpxbKpcsbIXVULa7IgrGIGIGJgmCTCKkVFMK1ONQVkWapOtd+nlauXo6fp/Hb+ff6Vdi1dOe/TyujzxLNsp45zOUcWuFkYoq2Uy5o7FGI0JnOaoVlWuCZ1pRneiObnegM7unGc0MyrWpMUdtcZY6lGZX58c6ab83PzT012s5PU+e27Z+b03meYweq5PoR1lnPNuvFv8sv8V7nxXr+hv6GLp8+V+Omd89tTp7enPbo19focx9cOXs7k7nlaa3y16SXBjYXZ1x9EkqdLd2Pq9+XQ4fT43fjZiUfL6KpSr57jTKvTm9PPs1myWeuNKrsshW8um2FPP1z62HLyemO75uld+LU57lds5pByYSJCkMdkGa5VW3LAsYmZKCOZZGAsK9Wdumu+JnVtespNDEwaYwAAhRnGojVJSjUI2IhCxXNUiC6tXLu5dvY+1+R+7z29RdksTrvNr5cqKtVPC51bGahCwiELoFEdFciU52Uq4TO7hc70EULSRnNBLnlcFC0kZY7GmGvoxmeRl62LyefLfK3WMuDdFjmR7HL6RElqKRqTLHXlyXQ5e3kn5/t0ej6HTxXV8/FWkbzfoUu31L4U2T0ZjVZjaijNulF5tlTisqFm0s6nE6Xoxu3cjT6uE6I8zjY2Uw83d1wWlieXWZD5W+evV5G3tx9pp8HZZ6rztPP1K3a+3K2jvcuWic52QlYSokgaY2BICVyiyzTj1XNgnrI005bi8iE4kyMprPHVRdU06K7mlTVREVJxcNoGAEZIUZFRTCMZqqyaSuNkSuNiqWjHZjp9S7nyT6jjvs6nNtxnoVXQ5YohOPLcQMojZGFrKpyclcplVloVFpFTsCt2hS7gpdoVksVuinmZbvq5ZasccOHr+e4c1fz9dt2PRlz46ZQVzq05tUV5tscXnWXZd76enHq5TLG2rUdOhUu75r0fT2TWjPr6FGfXVnRTe2mpYpNedZNJ57arq3o8x9MdHFRLWZlJmrPGJdKqnWd/kvWeJ78O7ycdnfhTO2W802dfmxCU2sZTBpuExkkwipKk0EpQZMRLNphdTYmpBrDadnNjOvJxbINBbKmxcsOjz2qoXQsrjNVBiG0xtMGmomiMZxsQAoyVQU0QjZErjbEh7Hx8c6+33+a9Hj0dG7ldLnzjXoh51MbY4sY2JYWwkOUbJEOVkS0qtzZW5xsHXXboVU6ddUWq+J2OdetNOl3pl1KVwuf045zzIdPHi05uhHzeLjR7VGeGDZBll0p79WfldTl79fT5Wzzk4emdmnGaelyzj4UFkd6rn7Ov1iNUNei+zMS6OfTHSdKnUqbHSpqjVlUY2OxK5hNc/py2Y+HH0+foWc+e8KcpXMboSWyEyItsiwBSQ5RmRUoiaKkgESAYSyBjaZqlCW+ciLkz59MDLKSiMZsobC5VXS44a6LrOrYWVxsVlbcVk4skJjESkZKxRmqimgTKgpohGaIKSTZ9X+N+0x29vv5unn06jqu4864aIc7UWGLCNqFJyFMWpKOHh636l+Qst9FyclutV2PRpTk6GSo9njdWyum+0xSvjBhsrquV2jMyV5uLy6daPNu5b1uuWVdtsc4ROjW6OfdTp0vL+w8drPo+lwu9nRO7Tz5YbNNeVtUIuxWRuoWw5bVdzy7XvOWX10TsaqlU5VTJVc7kd/N1uO5ejzqxzuVMkqJgpNyDYqchYpgmwHFgCBSCJJInFkxSVSJQMmlzUt4AEpGGeGjNBCQRJKFCRV0K72ste7IueOiqyuM1UCUaYhZOMpBpwlIWCmtSskiKkEFJVFTRBtR9R7Pyz6Zz9PQ6HK3c860pc8RcIZ1cqprNOsnx582daM2/NroW027ll1duorSu4ux6UlXb5HbMU4c01UQCF1XBjZxM+nh3slGfPZqqvyslWpnQZ52XUPOmNXy1e18+9/5TXOff8d6PTuypt5oqEMb1UKrOyrPG2/FZlt0U3UVXZZm1LBWWUxkkWLDi9Pmha7PR542E4clOVSJSKSkIkKAlmk4iN1FpiJRATG4yCMgipApJkpwnDtquSwa3gAKoQrkcAEOI0wrYEJEDU8t6547crVFemCUKcagpqyEkrZuDJCcrQQRkVGM1UI2RWMZpIqQlf0P5/ozv7Fr5PTx11wzPKKlGacUQ81lMqVtU1GFguOycNNFucudVSjY6ZBHsci25CsCvncE9J5Ot8ut+mm7nqUsduda5Z5RdHPRc9CvFqZ0WGshj2lX47eDrn4/2XiJezzfV34r1nl77K1p4ds9GmPPrjsnmtea6Nkq9fJ1ndkuw7m/Dy+f34bJ47O3CE5SsVhOUZKESCNkLAJIYgGkSTFjIATATiEZJAQOcJwDaxGK5KSSvrlcScZaywDHG+iIpgkwSkiKaJVyRBSRbdjtV1a6prNVpjWUtglcbI6RGrSUJDcXAxQDKjGaqCmiCYsVJJ6z3nxj6njr2pU3TajMiA1KVyhFcJqK447s6tqLarlS7CVU7LZxjrNrqul8Jzejx5TRTOXVLM8a3PAGyzmZbntV+dq3z7VXKfTn1PQ+Ktj6Bm8hmxv3FPjpWd/gOXTnmeg1nLshFfTet+V9zzdvZ18+Pm9GqnBkt7+DjYuvPXipn6fPdnsnc1znKyMpyzYSk1RJQSUglGQSZK00kYyhY5VzJOLVgAnFSMwQIAYppyElJU0xzViDC4sB6gAU57qoigEyJZCQVxtiVxsCtSQmmWWUtbap2TWSGqqssdNZnLI6lZNWxYkkRJZOMgQERlQjZFYEkR6nLF+x6fEexx11xlSSalEKb4Rlqv4GLncidHqovubLcs7m+R5vWcuHjx3y7ujzY1cqXF08wanjZqWd1XG4vOstKg7GQLJxS7WVFspapSaQc7FoWpRljrVYzWjLLQFMrklbm1i9VcVykKMcDTE2xEkClAslTYSBBXOAmCNxaSlCTTi0oxCQI2iCQEmmpNSJTjNgalrLA0YJaoTrwUZRSEJRqTiEhSIjCMJhWrERaBgFxRNVVsrby16azMtFdlJNWQjYiLStkRYwATCKklipJD6f8w7uen0iWPRN6GJDFqoy83UR59Fdno3jtPjcTWPUavns7N/GmrE27Ik1YmxUScRblECYRU2kCYqkNFMnCViVSGQU0DYSExEwipkRGqFJlbbIyTBjkBijAYgaaGm0qmmTTFE2VEkiZIaBUCJQVCXQptq+yMs1jFUiSE1NCSnrANaoxDAK03FMbq4qTEEwTFDJRIpxoTQmIaGJxY7ahb6S6ayQ3U1mr0xMq0QqmNqqpWxSDC0BDBAJijIl9z6T5l9Bz16ZhwZvR4Mas2eazzdzPmt9OcW2kSRSJBFtkSYRbYm3CJMg5OIkmVykESTIzUhqSBgIbCQ5EMWI0AA4yQmmDBAAGwGTIqcAAVsIJIohZSTnVaAhVGaRNRJxUEsrqhYIlRqLs6jKRiqQ0G2y2WbiYbjQKNMEwgJqlKMzmU686mJ3KTUMCoAgcZEUwTQSQEZIETiTuzTWULpS4o7YW5atda5o6a0phfCyosVVklbFtAAq9f5F5vvPGZ4yuUXZKDBKRYiTiJIIkgTGBJA2xMcA2RbZFtiGCJhEmiI1EhOiQ4YxENrEaEpIiSQIBuLQBhJSCakirtgqaagEo4unBpCcIkyqZJQpS2uqVk00RTuSnY7M6GGa3GUDjZcOTluCZsmIYpKmMAUkAFjXbVBVJRCQxBJIgURtgQUogCHEBgxKQNSZUxDsgjU8cl0wLJrNDYjDXujXPW2syLRCyhXRtqViINoBijGAOE2hqQJtkHJkXIIjFTYJskHIEMAaAYDTAakinG1uMibTkk4sBoAFQwjGcEY2RJAiSC2q1RiRxcREWrFCJkCpEEWFMElFTshK1EWVjlO9Y2MzRxJGRky0WDtJbgI0YAJoYA2hWgkiAIAqiGUQAmBGICAqMQACkgGBDkASAhECTAUQEgXTaEqQEZAsagKKgquIWqIIMAQDAJADYAAEgVsBMJWAJgk0AwBgSMATAaAUApWBE2CuQAgEAIAaBEAAAwBSBRAiYEWCxiCFYVAAlcBGQBACvWEWyCWCBlgTMgKncBNBsAUMAQDQBIAAl/8QAQhAAAgIBAwMCBQIFAgQFAwMFAAECEQMSITEEEEETIgUgMlFhMHEUI0BCgVKRJDNQYAYVQ2KhcHKxJTSAU6DB0fH/2gAIAQEAAT8B/wD5vL/+VS/UX/0Jv9Gy/mv/AOi6/wD7DZ/9zV/9Xtxf/Qy+17iTKKNJoFEa2Eq7NdtRqRf/AGXX/V0V3aErNFdmWWWKXZ8FD7aDQNtM1Fl/94Wau10KV92JPskNCQkNCH2rslQ+ChQvyaaESKFyPuu1DjY4miRJTsjfntqX/c6iaRFFCizTZosjEePUQx6WUJFDRQirNNF/JXyWWIvsxLYap99Ko4L+S+7VjxtMk5IUn5Iyv/uJJtkcPllWNbjjuJDXay99iKOO0tmcCd9m+1nKGh9l87Eh7dl2bLIkkcP5GhDWwuzpjgKNEmJv/t9KyMdLEzyS4L7a0uRKzQmaDjsiW5Xay+99pR7I1d2IRLsxbd6K3IsbGvkfAu1fI0JFEobbGqnXa6IyUvlv/q1f0dfJXZRNJpNA4bGhmNaTnc8CkPdMSLHCyCpdn3sT7opWUM8iZZ5LEM1F32ssXPddn8j4HsWWclDYn3r5GyrNJnlLiJ0yqLv5czcd0Y833IvVx/2Vqoc7exGP3IxrYeP7E46THuNdou+19kOO9ofIkRY5IsschMQ3sJWVuMTGJEi+1WLs0RRJbfJyUUWWX31dtO41Qi+y4Eh9rFyeB2R7OKfIopDPPfP9BFmGfvr/ALIjXkkt9hojGnYpmoUh7lUeCkKr7ORF2xl9rtdr+WzUQ4Jc9rLFI5OO0R0SkWQZJ38iXZrYZz2Q+yH209138DXay7Ex9r7Uiu3U6vAsUq4FCSmmRdr/ALElLSrZHJq8F7EXubiHsyJEbL7vtyaBcmoaKLocu0e1dtNmki6JMssir5JRoRq3ORqixvcSs47M8lCdFmrYYiu0hfIiaVdkNl7CdFkticn4FIW/HdkRxQ012RRpTY8b8Cdf9hZc0cadvcjOU5b8EJRa27XT2I+4jHccFQsfmyKocSuzl8jkR7J9pKjXYmUJss1DdEpv7EZ09yUjVZEQ+zQnRdoZRBUSE+2pF9nsLckhDErGu3g3En2qz07R6Wxw/kZyaULYs5GIiP8AJme+xF9ktxyGrEMrs5V/1vg6jrHFtRIRlN6p8EMsUtJigqbJ2mY0vJCl2SHFiluMbpiZz21Fsoo8dvBKRGDYlQn2lt2VMoaTe5JbCW4lRuXZXZKue3gXaTodlscH45IQle4+0WS3N7EWSG3ZFPSLYs9U1kHZJbDi9VGmuX89bC27J7FjbkaX5Eq7Jj+acWQ2JbC/6lXyykoRtnUdVKX0kVq3Yn4I+mmnW5Kf+nkyNON1uQ4ViZFkZUar7WTYpC4KJq+BR7uZrI5bRFXIgqPT91jRwPcd2K29iEmMRLv5GtjYku1bCVFkhLY0lCHQxFDXyqRJjdnp1ubURemQpWTj5GvkSKKEthJEuSy+zbL7RH2fPZcC5GUcoXA/q/6rOahFtszZtUt978GONc7jhFYtTe59rEr3NcYbs/iYSVIWRMiJ0Rl2aKonUoP7i5I/btZYtxolBSROG+xixP8AuGvZflGOVvs1YyhR9woqxEmRZz2oofbU7EeCWxFfc07nn5GjSKBQ9jkrsyhoSFL2llsi2aiV2aW0Lu+1j1Gl8lEthSHwJWNaWIfa9xuyiW24sll96QtmeTSxql/1CUlBOTM2f1nJJkMelb7sY3tTHK0b0N2iEWmX7kKdMUtiMiL7uIold0JFEnTOSMjV4IxovtpNIn4Fx2fIuD1PCIJvn5dOyHaLFT57eR7MTH2sTQ2KW5MexGRViW5W5e/Zi27RFuia91EajEvd9oy3Gu8o7WJDPJp3EJKKHUkcEn2s3Nxu1Q0RvsxDIiY9zjs+S/8ApbdHVZdUWl/gxw0rf6i/uK2aSKXngyNcIVUyzVRhyRaanya/CIyIyNd/Ku1FtCmmrJ6ZKzRtsRx7Ci0WahMr7FGT6ti9u0F7ONzK9OaSXDIxI7dvJLbspbE7aKkIb2NR5L3Gt7GnRpZuiTE9xyHKyO7EqR57bHkjvY+e2oUhl7HLGN0Y5a0adXBTjsy/aTnQ8gn2TpknaZFy1V2qyjQU13kyO5Ji3GqGIXZiRJDRwahO/wDosp6T10ZOp0rYydRJxL8i3HVmquBt9qooYokVRdGPI3JL7jklLSRnSIzQp718snpG2xWQtbeC6YpWX9zSShsOEvBjjp5ZQ+Sk42WRnQ4NtspkYmoW5Ls7u0RWxXbTsU0+1lliG9jmPZvYStkFSLGh7G1De5AkrKNPfVt30ajHeOVVsyKoyLbUJ2SgONltEMlsZFko1uWIktzjtyqGtzT2ZF0yW4yI+zE9xoboq4lUIsv+vZLJpP4hGTr6dI/i1LyPIrH7j9+1nNmkcXwYnBS962Jy1ybSpeC1VdluLspaXsKfL8mG3H3DhW9kXbFIsvtJWh7d1Lc4LISLG9jVuRk2UP6RqyJwNWNNJiTsteBm7IKoklKO5GWpFWK0T2QhLtYpUN2XuM2aK0nqCY2atyzSN1wa9xtFmkcRuhbmkScTZvjtkmvpKGrKGiEKdll0a7Y+25Y7s47aqLHKmbMTPv2qxtp0eOz4GtQjRY8dIlHScbiTHt/V+qroy9SoC6/fcl1MJoc0nyTdvtityV/Ktjyamk65Em+TV/sfdFVs+eyV9kRSUtyWeVqMF7iGXJdZOTHPTRF2zg1JCa7SjqHi+xuhLuixM0aiqLL22NLQuCyPbSvsS247IT3GykJV2mzV2lH7FNEk1GyLs0lHBWo0iRPeIo0+yZJHkjFyKrkfZxsUaZRVk46WOVIu3ZFiY1uUUeRxFHc5Kd9n2q0RkNWhfYatkeCMe3gRyyfZD2ExT3NRaZKijIpa78EpNx2FNpilf9JqVjnFeSfVwiLqYSRlmruJOdj7blCREY9hdr3F21bC32QpafBK22ytUbIt0NUkJ0thNyZGO6mP3Xb5E6FlpHq7fk18M9VfYU7L7crc0Ia27WXuKO4tiQmJ0N2IktiLLo1HkkjTsQTi7LRfkUiQyhMTJO+BOuR/g8DL7qWxJ2at6FIT3MjqNkJapCntQ5fcTsaojuVplYnfJZnlbVDZRwKXu/HaTp0RRKKSscxbiOdzck6Fv2Ua7oiNlGqkIse6IjGthwZOLckKLN0JN9qtjioobVj2EzUKVi3/AF/UjXJkl5RLI+DJzyXL7ilI3KEu65HsitjyN32pdmUJaXsMlukR2icip0mSq9jH9VMcjntFpbvk17mt2yE7e/BjlUnvZ6u4pUahNPtQ4EYd6bZKLsithjlsXsQ2YqJbPvfZRKJV3aGn4LaIscnJ1RAZZpsaZ5F9PZwsWMoy7qjDBRHyRimtzTpNqFtIb3L2JTHK+7TFG2KOwoKzyPc0iI8j2Q/pORbElSQkONEpVRW1lb9uB79r7vc47aRDSNSihuyybHHcSTGvBWxk1QRDPfAsr8i4/V9aa8i6iRLI5dkivmV2NFnk07WNUrFv2Z47R5H9Q+duy3spCVEty6KY+BM1uzWRyNOyM/Is2pfsRyWaxTT8kcias9RGtGpMQy+9bdvIrGJnJQ0IbobLG7RYhpNCihqu2qkJkWcko77dvJfZFJiJPYiyXHZvcW5JuN/Y9RzdIjD7lGjsthNmofJ4L2EuyZJ7MYjUWNjjbFsixPeyQtx+1WTnsqIyF2uxfJMukKQ0nyKFIrcoyOsiok9XIsKg7FtyR/V5Eiiv0MX3PJJmSah+5CTrc5JbcdrF2s89oq1+CUt6iKLX7jdMvYS33JTTjVFNvgapnHbwJtCaux5HHyRzyb3NXt22fkh1GnkU9YthTPVpiybmpffupd7GIT7WJkpdl3XPajcTLTEk+0ZFkmthsUrY0zjk57xe5Lg3HFsTpUPdOzHj0zsStjVFllljGzcsh2kx7o/cS7WWeSO44oqhyEqGtUWjQkhLcXAtz0nyJGgUEemkOEasUYzjwZMai1Roo0jjXZ4b3JYRYT04rwJ1PtX6aXe/0FtAorcWL+bqZwcGsvcq+/g47NutiHtW6simm2Stz/LH9hE37B5ZSgl4EJXV8D9KK+59UvahrejSykyGOvBljpipX/gilLkjKHp1xXklkUkOdI12KbFOxS/J6snshZXdM10KaNSE9hMssrsyyyxM1F32RSNP2LaYmNDlXZxEn4Iy2OTgfBp2FyWMT7clCGxOiW/ZbD3F31UarGxOh7iZZYiyL3H2UdzSKGxoZ6bFGhljf2IPm+1jexHgySTdM9SuT1LY2SqNMjPYe6PBpM+KvciLH/SeTDj2tnkZQuBclWxQ7Se1immfnt9ir7IT2FvIfJp2NO3bwXsWRyOMaj5IyakQ1SlsrHGOOLlNpH8RaUoIk5OdydidCe1HA5Pgxp2JnBqIOjzZzGvIkyNUU/BqoU7LrcUi+z72WWayMiyyXFmoi9iVd4TWlnkQ+BdqHBs9JpG6lwO/sRx+22OL+xpkvAsbkeg47jixRY9xIrY3KZpN0KNjQ4/YojG2Sx1IRSZFKMzKltQjyXTHwa6lQnaHsy/cTlfBp2OFYpWLbtjltRkStFKQoUJ7mRe0xu9hcHliHuqHDT+39Lihb/BKWmOw5bl/YVG+rShwYtn2lwZ1J4/aYMMqpuyKofLPPahRsftjsJJbrtwMQzgXJpshiXMuEZOshjX8neXFkbn9TsjsqKFsWXRhxerHU2ThHHHktathPclyRlvQpJ7MvcsVD2RZZbZbRqaYpFs1fcUrXaiihLux/JVMl+Bb7GKD5oS3HC42ThKMtuCK99MiihxQojRp7aR9pIjiUW3fJpQoKjSlE/BkprYS1IUNjQilYojSE7v8DlFWKLo0EtVIhL7n0yJPyLI3sIihooiijcj2/cvSZJWkRi+STpFH4ItxzizbnIu2Vaoit/0ePHq/YpRiOdkmYXvTGvBglpmyc33o02cR2JZovFSjv9+1iIbS3JT1cKkNiu9iq7SPPdOkQRnyerLRH6ELD7CMVFEcNrVY40RjsIS1G8Nk6J6r3bY9UWqIb19yrZVMb8rt/wDkWxex43PTuPJBFbDgaKiWfuKq7bUKxxkRtmlCiSW4o7koiPJp23Fj32FjjFfkcq2IrtROtVr7Gsi77JFD7ylv2aKNJQ+y5OCyyyxvYlkUYSogpZJbn4HtwWaRofBBbklwzVvXfwXZXZEjwJJrs90KO5P8H15UiMVqFz3nJxfJD6f6KKuVFKNI6jJoSj9zVZUqunR00IzlT+rwT6NuN3uiS0OiNyZqOTHHW6syOMJVHc1ng8qza9ivsXfJGXKHKyLpCdukOLG+1HgitTozXCOnzIhjlttyVKOzVI07ibT2OeRKojshLTyTUfTt8lrTbVshz7hJKVo33It0Roh9W49nsN7C3LI/SQWw2WOXg8leTUc/uJmqiG6s8HgSJQuItilKRoixx3IrVZGNHLolUWLx2lX++x7oycPsyK+5Hbsuz7Pgo4IrUxKhjJMrYqmUaSVrtYt+Tqo6YpxMEtUNXB5E9il9zjtyRTsfI0Ljc8j4IrvRItULju7HKkdNjcpPIy6Z4L9o5bF6p7/0cLUk6Fa9zOgx7TnmgpXxZD0NP/Lj/sdXKGVPHFVF/YjGWObrwzp8+9eGdT06yK0OG2yKo4LaWzErJKnt202cIS2JNHm0N29jJCWOtXkimnY5Mb37OxEFo93km9UrfJHI744JScmRWhb8n7FFpuivBp91M/Fm5+5FeTz+45zitBbZFNbslsciYmcRMeT7muxui7fbkpy4NDjJeSmeCEqQ5b8kHuRZyiTS5Pyi3f2ORSSRq4LLXk17idjVtGZJSUvv2XZfKkUQVKuzHx2RN0iO8ezoktiu17GlLjyVRW49jV3umcsZ47eBdl2lK3XZPbtfaa9jMe0a+TwaadkW/wCiw1OKpcCgmyeaeP6SfWe1rhsjlfNlpX+SCd3Exy1wpnXRnhywnfs4Z7JqTjK0u6THGtxcEUabuhyZZwmjHP0529zNl10/sOTk9R4PIuCjS0j+3caWwqsfJszayKjCBKrbRq1cEfc9xxV7DxtISso2rcb1yv7CVFqqLTas5k9JQuTlC5OLHPbc3LFOiGah5E6lEc7iJ7EeSUUxRcXsRdEZbkvcYZN8+CVyl+BDNeliy7msRElNY4OUtkjq8v8ALwyjw2QzRmiPZdr7tdmXY13exqL2LsYyxyZdckpfYiqRx28lkuBq2iqFuzwccidrtq8dkaPdIi7QjYXI5JPkk7RGVclngsSJI8f0Kg5Ol9zFFY8exBqSdGUnVl6RZPuY3xQp0tjr8uvopxkdP1HoN+21IjUlqXAjjtLehrTsTlUaj2rbtove6FzuUL7IlS28l3wLklPXRWwuR7Mvfcg3LdFUy1rr+0UVOxtX7RRdbEPZySlqPBwKDlCxS0u35NWpj2ZXbXa7pDRKOrY00u0YWrH9WxFe2hfYhCuRcssTLK3s1bjlpdrgj7rHD7DgUQhw2aUIRlxrLhnjlxJFyjjhhn/YxRSaFwiLF8iH8lj7Suro13ymeoq2IyQ2mhDPI1uKO4nuc9qGeBGq9hbIslvsL2rtR5NSVGxpantx2ZmbUNiEG47ldkh7CRx28/0MMqhW37kpR9JOPFHSyqUmSgpvZkOiT+uY/hmN8yZHocEa9ts0RiqjGhxRnqacZeSS0XZDNkx/Szp+oWVVJ+4k2JsUqJNyZV90J1ZW5WxrceBrU7FaNTsTF7lRKkQdTtk6luhbJUVbY9ka3Wxp3248jy+ykinW4u2nUz1tMNIkpoUdLJboim3SNLXJe/ZdrfggtTJY/bsKFEfaVbIofOxrdGKXu3JS1MsbQmTjqIY5P6n/AINbUkvyPfglaVkZqWzNNITI8lEuD0IctWzPiVX9jFk8Ef08tqOxGLfPail9jTH7DjYoON7j5Gci2R5v5H2W991yNb9rF2nHVFfgiZprEr+5HI5bkXrVkkmWLkZuci2J77H0w/oma76fFFGOGmNGPDHTv5JYvb7eRucZVITsomzItSOpx6o7Lddl9W3Jh6jxlE77btEHa1EhciGV2o8FkfdYuBbOyK9rvk4Rp8l0Sa+o5OI0Ri624KE/HZiZOyOxVs0kb9L2/UiW+HfZlbmlpcC47UVSNcvJ/cUpRFHYTXBKNM/tInA9+ye4mIcV9inHgbqrMit7GF3GmUIXfrsrhFKK3Z00n6v+CDvcXzv9GyzPr2ePkUP9TKrjtdo10X8tXuWIcqLcpFbl9qOGZoLJRShj2ML/AJRZyJUVsfg1KL3NnwPk6vJowGLqV9xNSVr+h6eH8qF8nDP4j0/2MfURnwe2a3PQqe3BPHo5J9sisz4t7RGaXglIh1Esf7GGUcmLWjlDqOyILUtyu9Oy9xiQo2RhQnueTUqNW7LLHyRFHVzwjUnwaiDTJPYjukNUPcojszVZF6eCdyjv2nk1Y4pIj9bXZtidnIhNWWUSk7RsR3RzKh7HJdEWIvtkg5pV4Fi/Jorg8CIjGZ/+VLa9jDHVOKW1mOGhtWLvuJd38r7yFKxInzRNUJjW/wCBR3KVjXbj/J9h8EScbhsN1ElyQ2KsS37ee2TZCaeM0uC52ICLLPy/Bk6hN6URyyU1RPPCk26PiWScpe2XtFNryYOqqJHqkyEtS/V/+Tp+im6lkVL7GgaMvBLI4P2ujoviVy0ZHv4IzU+DJjb45MstMtMuSUhsnGzNh+w9hnSzccmlPYx5f9R9T7Juu/gXBjx6tycPsQiOPkW+QcaZshe+WxNOOw5fy19yG8SSh/D/AJG3RC6ErPpY74RkxyxqMhz1C/AivI41yiUiMrPAnv8Ag3W4tySdb8FEVVIyQ0yX5JJLg+zHTY12g6j25KHEgjx2QueyK7Ql3yfTKyCSqSZj6hcCL7L5H3XHZlD4JoqxMctTsnujGhi/ApC3GSVoqhi8je1CfuplDW4uNiu74H7lpMUaTT+5J3sK0KRKSjLdk8qjwx5biOrtGJb2SXqal5PT/tyLYyxrJJR4E2jHkqrZj6tR8mLOp+f1Om6j+HyXoU/3MWeHU4tcP9vsSW4+TIZdzRJzSgtzpM+TFBRy8og9UdR1kKy/uVsMaJRsy4icXE6P/mP9u0c/p87oxz9Xcm/Ine5T57VtZHJostckWiU1whfVqJZPJKMq1I6RuF6vuTbnJDxtEcTcdiV8X31VEj7lbOneNQ93KM2WM4NIiuy3Mbrknkse7K3ssQ3aE2PeKNkRZq1FCaWzJaf7StuyZLbgauOwltv2XZ7ke6F2+lifbrZaOnm/vsQceExR8kMk9Ipsi9iPz2Jl2PtyUPixZFGehj3X47Iun3ZXtGeOz3kafdfbkWxYyzJk9uxBinjd1JEuojGVMllm22uBZZkpSlLclk08jzWxMxSojtkMuLVhbRNe40lHBgzaGQ6tUQzqX6fS9RLBkTv2+SGWGaNxZIkm0SiYIejB5Jcy4MuZPg+Gddqn6UufH5Ovj7YyGthooaJoyIwxUbaLJe7YtxVRY+qzQVWdP1mPKtMvZI5VH7l9q22ZRHaxO+Boi/bTIxqQthux5axUixS3FuPZEJJQ4J/dFliILdsYnqdD0r9zhdqsURR9u/bT90LbYS3PIxcD4K3EvdQxcEd5Doqy9xIQuy7eBv3EeO3Ux1YZIwYk/d5RFI8keCEPuJUL5KODkSFt8jY1tRn0wi3/AHMw/wDJiUUVsJiLNWxyUN0hb79nzRpoktiz6iXsTM/UPDGU5cC+MQ9N7e7wiM8znrUndnSY+o6iac9oovRil+B9V9ok+pm/A23yQ7R5EvfZhkpNwfB1eB4M8l4fHeXaGQwZ4ox9TCX6fRSqFu1RPdWhk43IzTrbwSnYpywZI5Icpkcy6r4frW+240NdmSRNLUKqVDJOmXvZp1cihFOz+Klje25Hr/d7okcmKbpS3KPNFsT5IrSXcb8CYhbjKtmfHokhIjsyVD8DNRewpkZWafaeTd7m/kiiMXKVIa0zocVp5ILfcUqJfV28FFEPcNUV2itivt2SEijSJV24L7TVz7ImthOOKbT4bIVdrftFXI8d7L7vsiu7H2y/zMmkrTFdvNnnsu1C7PdUYtotdvJdo6mcsWKUo70P4xkljaWOpEfifV1tRk+IdROHFSMvrdTj0y4Mfw/7nT/D4x5RKaU1CGxnenp5fdiEhRIwoSsiikludOtbe/B1eWU87vx8lGk4MeRxa3MXV+3chnUmX819odUqjjkqX3OnyL6JmTFvsOFyf4M0ZWNUSVnwvK4aunv2zWxp2H2kS4Mqsg3wxkhSp78CyJPkWTG+ZUPFGSuE0yUJRN07TYupzRd6zF17X17mLq8WRc7mGSjO6tE95PajiDh9xDf2MeT023XKofAnUTJK3bsVnK2H9iP2fJJ0P6TiKFyRkRdnka2EihPT+5J7Ds/tFsPcUORKlXarNox2Lvnvbp0QexRYv0P/AFOyJcHxHH/Kkzo88sWz3TNVog6kJ9pWkR43737/AMV3Q/lyy0wMEXLPb8D3KGu67Lu2tWx12f0oLS6bI/EMmJQTWol1Wec3K6XhEOtz4b3uzqetn1ONRexoFAjCyOMgq4Opz+jj2+pnTaZ7+TqpXJRXCNIkJEY2LG3waFjVyI5PUyfhCy+lFtMk9Tb+S+z7RyUYc8U+SHUQ+/6ODOuJ/wCCGev7hdTD+Ijjv6uTq5qGZonJNbMs6fIsfUY5XwyS5+3ZokPgkjTuem3HUuBokh9uOGRyzi+bI5oSfuVCwwmrUh9PNPbcaeN7qmyGecPpZ0vW+rGp/UJqbJRXjtu5EEtXuHyzDh1z93CM0Vr9nAuUaUvBLRf5G7bOVQ747Ig6E7VmmWm6sppbqhDVl9tJKml3899NLftRpF7RLyI027I912S7PYntNPu+D4pLT03/ANzox1Rjn7PyYd7YiN1v8r5T7oY13oyQtGKNFFkvoOURi3uySojurFudR8Rw4HKLl714I9dHP072qRgcoxOpyepm34j3kkyu0URQkZcno4W19XgyOUn7nufC4Slmk/7YonG5M0CiRxkMaSJyWGDctjNlnnl9omBaXv8AYyTk5NX5/QcSjgxzafPzWX3t/dmKEYqM6OpmsmVy+5Wx6bbIdPsnI6bJ6mLS/qiNEnsWS4GS4IT0Rcb2GxlDXyKUovY6fqVJqMuTN00epxfaa+kleNtPZohlcJWjo8yzYfyhuhOmRyRVt8mPLGe3AldGiUd+BppNC2mjI1o2ZOT1Ij9XaT7OVEW/qMMNcL8HqrDGjNKLgi6/Y1EZ+5D3laI7lCfuP3OGeSPI22RHt254HConCIcHns+67NXRkjaFx3+Mf/t1+JWY3tZjlUkYGm9uO7LLH2sUt/kZXZjlXBG0nbJY5Phlfc6jJj6ZrXJJM634nLD1UfR90dG5i+K+pu14JfGMsVtAzf8AiGtPo49/Nlyy5nOf1SdnTqmjX6eNt+Sa1M47NMaf2Ha8EGJmXqFgqzP108k3XF7Hquz4NnS6icJbKSM0KlfjtEi6Rl6t/THklknkVS3IGZ6MMpH7/osaL3+RjLGyxS7dCtXT5L3pmfBp90fpEjHD7mmyNQ9xL3RUlwxk2kOVoYxrf5Giiiijza5MTaij4olrxSS5W/bB1D6fKpLj+5EJxyQThumS2skxzI9XOOLRZHrM1fXf7j63LB67v8EeuwTpuVMj1vTS5yLYjnwZ37MkbQ8dFEhKxw5MONZaXCXJGlGlwdRm1ZqT2Ri3xRbM09MW3wQzrJ9JCVIU22Y/ySddvJL6hbs47Lge4o2RhRRk2Wxjlrj3XexdmR+kb9wuD431CxvHjf8AcQzLi0YZW+TBOUV/7S20pGvevkZuJEvaQkWWak3Q5JLclnxx31EetxTb3ol1mPd3t9xdZh/1HW/Fl0eOEtN6nVHWfGup6iVRfpxOo6mfU48fqNy0/cjwYdoonDVEh0WpnoOOSkjDHQk2Tuf7DVM02KLTFv2hGMlwZulS90BSrZnXxetP+2iW0u2OdM6X4hF41jzc/c9nKao08MzXo2FEjFHpxfkl0sZx0uTol8M/0Mn0OaPjYcZR5RexfzUOPyMb+SxSMGd4ZP8A0vwdO/XxZI+KKpmHE5YvUdJCjtf5MrtaVwYX/wANo8och7sY9hsYjSUMoo0mkxYblZCNo+LKsWN/+4vt8L6icOphiW8JP/Y6max3+5LPZLqaIZVIjJn1Rpj2v8EZpir/AP4dC+pnlTyT9iXDHnjdDy/g9evBDPCUqs6eOnDflk3UGSfubOmlfTRM++x08Ixkyn7aRp0l+0kyLbNtP5PqYvqJbiRzsRjsRVHjtk5MK3fdHMr7x7xkraPLM+aPT43KX+Edcn181lk/clSRi6XQ7shGV3ZDLOKVMhli4cmT4nl9aVK4p7HT/EpOf8yFRow5fVWrvRf5R1OeGDBLJJqkQ63Fkgpqao6j4wsOTRBavyP4x1Dvg/jc+vVr3P4rNk+qewpb72MdNNfcxvfc+MTt4I/ux/Sf2xEQdRQnsY2NxUFtuPCsuD1cfC2aIo0Jj2m0YMfqTUfudV0r6Zx32l2U9JJ6cOqXkyr26kT6uS8ajLLVJySr8FbmkjJoj1EkqOk6qSyVJ+1kqmrRpG9zcTaFNimTx48sakjqfhzj7sXA7Tp/pvs2PkfdS/3MGD0cCj55Y8W9+BOSVI1SsrWzHGtkSXI+09kSkOZHJof3I1khqj/k9MljNB6Y4qPLIxUuHZBUY2ZfhkvimB48TqUd9xf+Eus2vJBGf/wxkwwuWaJi6b+Dla3f3Oui8kYTXDH7UyXIjHmraXBDi1ujqnpcl5ZR0nS8Ty/4RfFGODlIyRSlSZQ1Ri2wY/2M8qxsm6dnQzuEoDStJkcahLnY1RirtCkpPlEUSgQXt/JJ9rtCPBGItl2URoycUQXsOELtXZLvn63Hizel5MOfE4t60Z/icMVqC1M6nqZ9VkTnwuEKJoFA0kZSSpPY0fgURTyKGiMqJy65ZbjluKdpGX4lkxYHl9PZcmX4659M1DHUpbfsevmfOSX+5qlLZybTFEUaK7RvwYekg8cXOXuofTf6ZGXH6d771Zk9rT/1HxKerNjX2iIoRCVxpkHpf4Iu1sPgw5Grjez5Qn2zJJ2jpp1lj+58V3hjX5FGzHgXLMkLWh8MzZJ4pTx+eBrtQiIkjFE1NY9vuY+qW6luL3dr2oQhCZ1fQwzx1w2kSi4y0y5/RY/n6eOvqcUfvNIlh1TlJEsLRoFiba2I4X4RWlOyefWqqtyyUthk1uMZgzejkt/S+SrSa3scBpR3lwiWSU3UU6fhIyQv2vk9GUfplRiz8KfKOkxerFTr2mDK+ly6lwS+J4VByOv6+fWSq9OL7Eczj7ZbxJeln+Hz0y98dyXuQ47ldulz+nPTL6GdQ9XUT8/Y6bpL9+RbeBRNJGyqJElsdPNTwR/Gxme1GRK6Ojzej1Eb4ex1mPVF1yZcmWcK1cEpTX90hdRlg9ps/jOpl/6p/GdXsvVexj+M51NOcVpoh8W6afLaZDrum03rRHqsMvpmj1oRuUppIn8Swx+l6iHxRSX00x/E0lbjwL/xEk5/yn+DJ/4ilLH7MemRH/xDk/8AUx+PBH47hl9cWmdP8Txznw9LHT4extHlkWpLZkckPEkWn5RqiuWka4pXZm63HFVF+4m4NuTdyI47e21k16cmmzUl5Md5HsjQoxt8GlCjsenRpNAo126yP/A5v2I7lblISFEWIjhMOBRdmXrow6vJibpxI574Zl/mw/8AcjPPVo/COvxWo5U/FURe4nfZZKZikmyLVHgi/cahT2FFyRHHTuyerN9b4MeNIpInI+KQrLjyL+5UzSOJXZEZEcg3q6eVc0Ym9iCqMX90N+0vuhMifEum1w9WC3XJ+/6DH8/RuuuwN/60KWmxys1Y/wC7Y9XBHhoyddCLqK3M2eeb8Ia7ZXeyI4ZSgvuZMUovcl2Z0Sa6VRnzEljqLaMkpTyO9qZ8M63F8PjLO8fqZJe3/BkfqZZzfMnYsVnoVvR0VPpYUq2Jrc6h6faZJ1sS4NX5LJRvcrtW50+D3apf4QkISEtySJLcZ0Et5Qfk6iWmVGfJRrc3a8EMnr9NCf43M+HRNyjwTh+CSaYu/JDHYopcbEm3s22QVGP7mKnydT0Ecm8dpDw5IP3RewkJbnT2oyfCZ03VyyP0MeRqyWXJKMccn9BCUktpMlL0unlL77E+triTF1PqNSlMh1NbOVok8Ti5Rkv2FOPNmTq1FbMn1WuRhxSyc7IlL0FHFD6pLczTrRC/3IztCn+R5PyKQpGrs4+rhljf9yoScNUZcx2fa7FyRRGJEi6PjuHRmx5orbJ9T/Jh6nJiltL/AAzB1fqKzIlpUlx5Oq6j1c230x2ExMs5IbNCyfZkMz8iauzkxQ8su+O2pI10esSlZ1eP1emklzHdCew322NKaFjoUTE96fDF7clVwyK/lxX2RNe0T3E+y7RZ9SpnV4vS6hrx8z7P9DE6zY5XxJCyRlw9jXFeTLKLW7Rp/wBO6+4541yz2vdMaI45ZW4wVsfQzxyXkxbfUZXCcPyZsdS24HjdnT4blqa2Q5aVtyetkv6mRjrlbJbUl4FzuzG1QsbmtuKOh26Nfvsa05HV5VrZKVsfA+e75IxcnSMWDRvLdiGyL37eD1OV2ZgloypnxOXpwjmXkcnldyIrc+H5nim8c37JGXHs2t0ZMe+xLGOFCRpIxFsWciVEGYeRb/ufEc/8NCMIxTlkRCOxiwKXuf0oyY8mWXOmHhGHEsTTS3RZE6rG8/RThF1Je4jjfkeHVwx9HlraZkU8c2tTtGqX+pkYuRiwqMU2jp/dNfYlm0yzZ5eHSIdRknLW43ZHq4ccMWRS4YnT3FM1moTTI7HxXGodRCaVLIt3+SJESQvv2QkdRHFPC8edrSzP08en6lRhPXDwyPt4Iz14pwvdrYrw+TVRGe/ZbCYmRkYshiWqQ5x+lPgc1DHr8C62MnUSWWmesazWQlcjqYKHUyilSXfSboW5i6Zy3fB6OjdE8F54z+4pbv8ABlza3pXgQpEWJngixM+KQrqFL7r52P8ARh1eaCpSP4zM/wC4eScnvNkM+WKpTddugx+p1KTvSZcS1aYLd7JEMawR0VTXIyUbF0+OcTJ8Ov6SfRSgUqqPglHyz2ojOJNNPft08NTMmrHi0xV2fDstdNkhL+2Rky0zNK5Me4t0SW/fB8OydT709MPuLpY9N/cmNbiQyJFocbRW4uOy5TOrh6vwzJ/7dyJ+xBylNR+502TTHRPc6jC1LVHeJP8AA+y7eOyQo7EIWY4UY6h75fTFbmbqX1mWU5/f2/sLY67qJYMePHD+5WY+syrJqnLUjp+rhm2jyediInTs6iOLD/Mm/azFLHmp4t9ydYZS1PgyXPJKXlkYbmHGT8JGOXo4Jzf9qEvV6OF/3OyOJpaYpnUYNELTWqrZGUk7UmmQ6/NDzZi+IQnSlsxS/JGRFkZ3sZ4rNDTPxwPopXaexLA8GNSk+XRZFt7LkjBQilJeDLkxY1cqR1Pxe049PGvyyTlNtzk3ZpojJkdqa5MnTqUnL7j6WceDRJPdCuuGav3ITtiEKVMU103T6p81sRy5G3T5MP8AydMtyHTLHN0Zp1maNQpiZiOvVdbP812SKFEUSEqhQ50erqp1wSl9vPZdosUhcCInxbjH87H2f6S7fD8kIReqVSs+GdRDqPicILdRTdnWYNUdXkrYldmN1L8FDhfJ1GD0s9LiQ1/LplbFWL+Zhvytn2wZPTtiySVJjjV153M0jJuLsxohjvngWSSjpTqP2Lvk8EWzkjZBbC4oyR7qJg9+DLD7oXw3/wB5l6SWGvKMePRK/JCNLUyfUS0uK4Jol2UbFE0lERLYxQIxtnxbqFj6WOCH1T5Idvi0dsE1/prtCTxy1RdM6Pr1kqM9pC7SxxzR0TVpnwnFLH1HURnxDb/J1FylbJY9yEDHAUNWQ6zqYrBPp19To6Vp9JFf6OTqeq/hum1Y1vLYyTlklqlJtkVt20mHqcmF7O1+TputhmVPaQnuRlTG7fbr9seL9xM6NOfVY1/kytJtvwdR1M+oySbbq+BIo0kYEYmhM9M9NeRYo/Y9CH2JdFjlxsfwMf8AUfwTX9xi6WUc0HJ+1cmXBPPmeqXs8IxYI42YlbY1x+Tqf+exdokPbG3wdRXUTuPKKrYQkJEVuQVK2a8cvbe5KSi6QnqXaihdovtE+K/8qHzMf61lnwbP/D/EccvHkmlNfuZ4aJtDiaDG/DEjr5xjHTzL/wDBptDgOGxi/wDVX4JP3MwR9TqYQfHLG9e6MklpRlVsmnEW/bSKNMRR6ZDHbFgQsKXuFFXwaFQh7jQueybjxtZHlE8aniohjp2zN4McYzuL5qyS3ZNdooortRBkSM1FOT8bmfM+pyvLLzwvsY6FFND6ePVdHofMeCXSSg6P4WRHo8kn+x0i6jGqyO4l7do41c5VTluzLDfgliRCBGO2x1M/4fFf90jndswtrZedj4hD/wDToP7S7Ioof4Ic2dL1Or2SEIidfjvFCd/SI6bJLF1EHHy6dnW/8nJXOl0RfZCF2S7V3vtXZdsC2Y3UVZlcZz2e4t+0DrVpw4f9MuSTWKCb8nLsSEJIjE664xglw+TpVs2LHchRUeRwi42iuyHwY37e0T4q/ZjXzPs/1rMOb0rfk+FfF9WNYc/PiX3P5fVZWk1aM2B4v2GMWbRGVihLNNyf7mhIcdRPHyN6YyiuZcsS+50sdE55X/ppHSy/m6b2Zl5JmSLKosW6K+woMURGNbl0X7X21+B8iWw0VTIq2ThVGND9sLKSJ7lUSiSjbPSf2FEjEcTSJbigRXg62bh0rS/u2KEQlR0/UenK/BpwdT9LVnpYox+pHsrY1XR4IyrkvcklkMnT14Fg92wlGCr+46nofXjqv3eETxyxS0TVMg/Jlj/EfBZfeLEhdmVYtkQk1JOJ0vVeps+TVuyDOuV6I+OTSfTv/p3MrU8cZLdSR1fw/Tc8P+xunUlTE+0BER890KOpiw7DxVuNCEtzAvB8S1RwY3F+3VTOjinK5cmXG0nKIsiYpEEup+GxtcGXHJwqSdojhbMXTXGTf2Iy2FIjIyYllgrFgeFNeGLLUtLPUsxO4kufkQiJ8W+nH8zH3rs/1OlzVX3idN1U8fU+pGW/Jg6nH1/T3H/K+xlh6UtBVk4+0jFQwb8jnZo8k8eqJlhUittiLrC/3IPVljctO/JJwzpyxSuia0y3PSk8MstbLYVfY0xFEhsMoSIs1pI9S3sKdxL9w+ezRWqf7EYDVqiCozy/4dfuepsXY4k4+D01Er8DhQkVcSmKLIoij4gteKDjJNLk0lHBrIZnBiybCzOiOV2iGR3uNWrHa/yKRPN7abI5FFWuSPNvyajLixZ4+5Kzrui/h9GTEv5dbnR59GrHPeEzL8NepvFNU/Bl6XLh+uGxXtXau0V7iG07XgxS1wT8mJv1EvudRLVnl+NiQ+DF1kI4oQfhDljyLZmfo45d/I+jzQlVWvuPBlT+hkOnyv8AtE6nRjQxdowcmKGlFknaHyLtgnWRWQ05Vlw5VcZPY/hZ9NnSTuL4JJKK/Jmj6GWUP8oUnR0HWrA5Qy745f8AwSWLOrjJMfTxXBNPHhn+whGL6kN1ibIZFONSMsGsrrcheyMS0ofaihLcXIj4tLfHH5mPsiia+36uOWmaFtJUfCp+n1Gz2k9zqcHq7rkcJxlpHfAsVx9zJ9Polqi7RFopMy9OnYsGnePHkzTVUuEcM+FupZq+mrFNS2WO5HpvHGszj+yMvSwnvCX+CWCcHuhIToT7P6SUtMSWY9ajHktF07Ls8WKbnsiEShoR1TvpbXiQvcJ1sKKozX63HtIyxxwJaP5nlmnceOzQRw1heR/7E8+jZY7RCakt1RHPga2mT6nJk24RGTWR77DjtZj6eWR7cEOlx4lvuxrH/pRkwYcyqtMvuZeny4Od4mPfchyQYsh60VD37Iy9fCDrVZ/5itW8XRi6mGVbM1MUhMjNOLjLeLOp6RYXqx/T9jDHVCP4Op6mOJentKTJLYrtQkYserIldGK4f/6Mc9OVS+zOpxe7WuGOMquhYpyr2juMqfguuCOWSYso8m51OVrp5uPJiV8kdt+yZAjJCVjxjg0zSZcyjPTEhJyI7EY7k1rypfYzLS4XxZ8WxpdY68rYiiOMw4mvpdE+oeFaV7mTzZMl2zR2xl3gn+ERyVyaovhGFa83+RlFFFdkQR8RyqfVNeFt8zH2XaQ/1ccnKJ0+WSx3D6kdD8bg/Zm2kY3jzx1wqSOpx+nmlsJ7DHi1P27C6aZLppryZ5VqpV+DB0nrNyl9KOt6XaMo/sfCcUpLqor6mkZupjgfp4luvqkRlPI7nKyKdiae0/pZl6bTwSg0+0UM6jJS7Sf2MUM0J+6EqYtX2IyejcpsxwoiRgx+3kz9Y6cYIhN48PvltJmOD0lbiu9hx9px2b2PIpbJDiTSWKerijFH2rtkdPY6LA54FkyqvsjNnjixtvhcI+HN9X6k5/RxE6vpnB7SaoxzfkjkVVJWmZ+l0T1wdwYo1sUQqOPXN1CPLOr6yXU5G17YeEJFCbjwdH1c9TU3aIZFkTaIPtP3QpmbI+n6fTBe6XLNOp35JKyUdythEYXIx46KIPTL8EZaoaSMUl26yGjLqXEuye5qJTMl5cMorwQiq+SL3Iz3MclRElVnUZPSxt+fBHkxiL0xb8mLnfkzrVjZ1kZZOohOX+hCw2abSFJY4av9j6nYlsUOIjpnb0vyhY5LJ6ciGNKBjx6HZRW/aiuyRny+jhlL8bEpa8jl9/mfddpD/VxZNLp+TDPST6aPVPVemS5PhHUf+Wdb/D5Zt48q2b8M6qOtRkhKpUyUaFtuQ9y7dR0qyJtciqGPT9iX8xOJieXBKfp7alQsbXgqOP65JH8Xhh51NGXrJz2itK+50XX4302jqZe9OkzL06pNeSWHfgacWSlH0nJk5a5fjtKXvX4Oi631rhm58H8PBrg/h1YsOkUCGNRjbPVSRkk5bkludRH/AIZ/hmPr9GCEXG5Lln/mFy3hsQ66Cds/joN8kuvSvazH1OPJ53HZRQlsfErWGMV/c9/2IRonwdF0/wDFdbjx+Lt/sdTNYovwonU55552+PCPh23Qwr7kl6i3J43iZpuKa5Mcb6aafglEUPN7HX9X679LG2sUf/n5cT0yMGVwyKPgjO1aIzOSeGWfE8UK1PiyKae40txrcZCFkYEVsUNbEG2kRkLc6jEpYXq8b9lEonfgxzyY3JLyqMeTkjvHutmNmLKKWwnuddL+aokfqMbIEnboiiS9r/Yz5Y5Y4q+qEaZjjtZlz3KobCbfO9CRGJ6e5Lp5VweiyLlCSdcGRLL/ADI8kLrsl2rvW4tj4l1Wv+XFi5+ZjEiu8uf1sGT6bMWTRPYyqPUxi3/budP8UfT9VHB1D9r4bOrhenLD6TkohLS/x2rYns5WPI4u0PLK9mSy5Jf3Di3zv+5GH2HDYUNc1Fc2N+liVkXHMvs/sSwLy9zN0euNWZOlyYq82R6PJJ77H/l35dnUdPLppLmvufD+ozPH709PCkYsiyfuNJPcik9zLm3oWVMkxrf7IjlwO8c3s1Roq0t/t3oaJ8bckPiGbHHStyXxLqm6VHSfEMqyKHUR9r/u+x1PUR6aKveT4MnUTzNa/HbIfBsXp4cvVP8Au9sTr8jbUfuSW7PhOVPBLD5hucGbGpxIf6XyRrTJM1JROr6t5W4Q2gv/AJHt8u5gjc0yDpmN7kEZ80umzY3DbyZZXklJcT3IpSjMknZ6X3IQIxFE47YuaE6Zj3PiUtPT6V5McDQSUYRbk6R/GYV9yWbHmqUL/JjXul+5BVHs33T0sxSU8aaJ5Fj3Ooyetm1cEEkR+ojthbIoTOpyrDBN+RdUnkW21nUTrpW4fchsQZFkTFVmzMmnV7RxUuT0pQja+lmNXueRIrukO7Ot6xY4aE/cbvf532itvklz+tilUqI7Iw5qa+xm6ePV1KW9Hw/4x6V9NnlcU6UjHkjK9LtdmtjFP+19smLLPLJKPJl6JwjzZPFJM0mkUHBfuODZ0HSwV5cj3XCJt5n+BYad+Trcvpef5n2JdVm6hrGm1+wsemKXItu2bGuowSh58EcnoYcMJL2V7vwJad4iuT3Or6mPRYk3vJ8Iw9Rl6mftxbPyLAk19/sOCfgydLDLHfY67pvQcJY17K3E7QhiGTRJCm0jDl3UZbps6pznlWvdw9qIrtk4HFY+mx4YqoxR1e+QmfDL/jNuNO5dpCVmeKjT8kpbGfJUXQ99xlGk8iQkYNizE7Mb2OsxrJFNNWhqlTOnVqcFy/Ik09xJt2Ra+xb+xq/BRp9t+DH/AM00qyHtR1s/UyJLghCiVY42+TNjefl7GXppY/2Mez+yMSI7mPC5kehg3uf+WYmjqujfTtU9hQtEIzg24jhKb3P4SerkniljnpfJi3KvEl+Rtx3I54R+p0fE4ep0kckGmosSFdVYuBCVotojNryLNL7nqHqHr3DQQemyPJQ+8Tr+peHH7eWOTm25bsXzy+bIt/1rFK0QexgzTacEzrcShl24kj4Z1kumzKMrlDJt+wn+TlHDshLWkxmSGqJnxHp+7g0I02Qx72VXJgitIoL/AGM03nzzyO93sdDgX1/ccRoz9THG6W4utUJqzq1H0o/+4w54rpk5utOxL4lih9KbZ1OafVZtUvOyX2MEI9PhUI+ERzKG0IpyflkpeXyRnyRkn7Zq0zqem/h8tR+h/T3QyZIfa/Vw48n3W5GJRMjNdT08ckfK/wDk6jfIZEfD8GjG5tbsijH9LZmbeV2TZmnqk4jH2RXZEPAjC0SzrHHYnmnJGLLKT9xvyrRG/JEjDyJ32+l0eqvSlFqzFDdPs50hLXmNorU+DJP1Hfjtt9jN01fzMf8AlGIwYdZjqFJClGiEkdf/ADJxrwYcMUaYJeCU4LgnlerYSc229/yKOncg04nXTy43Ufp+5NSn9TZjnOOP079pRQhIjsMstmpltmDHSuRkrwRlQna70cHxJwWH3c9l87Fz8s47fr45aWIindrkpZklPk6WGPDnm5RTdVH8GBqG8pbsRVmKfpv8Ddpds8TT7zRZHHZjxeDLjRHbydZ1spR9LF/mR6dbnSrT08RzZmnSpGV+4lwJ+v8ADenn5jsSWzT45Hjb+lNkfbljfiW4nv8Ag1efJl6iEfqaR/HQ1NKRDPaJwXU9PX93g/fvp9pLkkT+oSlJ1FWyGDT08MflI0lE1udB1f8ADtwn9Ev/AIM2OM5a4S2Ho9Sm+GRWnZcCF9DMu2Qz5FCFluxxvgfZEUaTSiK4GhcD/Io2xrRmaNfgi9jGrIb7EkoxJPbYk7YlZFGncyQrG2zDDydVP+YoeIrvRd7EoJT25ZLqIdF09tW/BPr82Seq9P4MfWZr3Zi6ycnVEstoeeXBba8sepeCrMeRwxSx6dpeRO0Kengy3mjUieDSNUyBQoiiaaNJ6ZoRt9hLyRfsLG9iORxPWVC6lLwdV8UjhjstxfGr/tOp6iXUzuXAhfOxc9n3fBL6v1H3w5dtLExS935I++af5LrfwYM8Z+3yJ2hpGOVKhk42jNBp2RqyCT4JZFEk22ZPpo9NLglCrMW2CP7DMzq2T5ss+GReX4e8a5hNsyfw3Te/qXv4iYOqx5Y3jikjqughni54tp//AJOk6jVpxz2f0nX9W+nn6UP+Z9/sSlKbuTb7YepcH7t0dJmqSd7HxDGo5YuK53OCxGTaQxmPJ6TUo/UjF8Q3/mCzY8laZEsuOEXctyWeLV0xLUlKPDGpOOm2kShLHk/drcW+5ZL6TMrOq3pDj2fPZEe8CPuQtiXIpUyfOo17mOe5q0pUYU3NaVZnclN61p/BrLIRIK0JxxxuRkyyzP7RPVhjWw5+rk1PY0XwNUMyTo6WDy9RcrqJ8Td6IkTGjCqJHncwRTx7E/pe257n5N19yLZp1EMDQ+n1IydC3uh4JRZFPyJCRIW49hkI2VSIsTGcoukZZHVSuYhCF88jz2fZD4J/X+o+90zHk9pzuY37THO4OyK0/h+DDn1/uLc4ZCVxGrRkx2hR3afgTceDI3KWo1vyXYyZherCkuYkpUZrmjJEaOj67L0WSU8W7kq3Jynkk5zk5SZ8LyVOeP77mORmxaOtk1w3qPjGP/i8c/8A+pDtRR8Nn7pY343R1i1aP2JbPtHHOS4Ooi09x8j7VbFLQOpb+WJvgwNKKiWiWOOVUxKoo8Dexk+o6p/zf8G55Jc9kJCNLNJjTXZi5Oo8JEcUs09EDL076aUFKV6uCOyMPUSwfTW51nV/xU06p1RGnGyEqluRqME5PY/id/aSy6kN7FWR5OCT2JZYx5kZOph/bufC5alkkdetU1+EYsJhwKtuR9PpWr7E3vsKNmOcsU7Qmskdmafc1+RRtmPBYujqjqupjgVLk6TqPW5Q4KjNiimZ4x07ClWzIcF2xSJS7R2HIb+xDJT3HK2atyc0tjJwZt8gkIX6EiRH6RjdCY+CX1P+gg9L/BGVkeCE6fIssY8+SeSeLJHJj3R03ULPHVFV+O0ZaWJ2hoyQrKxw2ZOOxuOekeeuUeoslLhkJPHk1Rd+DIll3js/sPHJeCcbXBPHuaDSdDBx6lS/BjW6Or26tr7RPisHPp+my/a4iVlFHSPR1MH/AIOrX/L/APtMi3Ir0sbyVfhCyZHJvVuRl6605Vv9zqMTwZdD/dFFCHyXRH3GBe4b3Hk0xPhOd5lkw5PqXuiS9ozIkdVH+b/gezrs1sUREjSX4E9yPkfHePTSy5PdwVHpIqKjc2fEv+T09ctsWV6TU3/cJjm4tjyM9ac414RGdRIzOStmakkT6qtluPqZslcnbOmipdVijJJpySM3TQ6dxjiVJ8nU6VBan7j1PUWmOx0mGMcSo6zItehf5PTtEF6e5KMpO6MWPJexHoXN29hdH6e/JOccUbZ1nxaaqGNUb5ZW3bZjg8a9p/E5FE9aTfuOp6j27Ebe9nTzbTj5oT8C2FG92NC2LsaIr3DVM5ZP7mSfsG7diEL9CSJEPpJHk8kpbf0PgxzE7FT28jbXPIs1Yq5Og6hantSE77Y5adu08SkSx4n0ycl7o+0eDHkxyeOVNeCeHd/glj+6MqokQnLHJNPgwS/iZyyeb3QlsZ8alDZDwNn8O6/IsX3OnXP4MC96M719Vll+TPj9X4Zkj5S1Iq90UaSO0otfcye7FCz03KWxmipRhFeB46Ma3PiS9+L70yiu9CVbmN/y78kIOb4PTOmXo9VjyL9jIlewxvc62O2ruu0BdqsqhSoWRSQzDh/uZOcemxapby8IUpZMupnXQ/4bp39mUOMoP8CkSViRCI4kBNJGTqYxjS5JTcuShoooh1mfJUMmS6HFzfuZixe4xy9LG2/sSTnlcvuQg3WxpVcEMPkjUJURnFLdnUdUvpizqMjb/CJvXmOl57SJxMuK0QxsxRcZp0ZY1K0RlvuNnJx3v7luyU9yb3M0/ZR9hC/RlwSMbJD7Pj+i4MWSy/I3rjfkg09mYf5WNpb27s6XPqxpeRO+2J6lvyiicScKdobY5xUdMl/kzYoydxf+Bxp0ONGLNhwY6hF6nyfx/wB4sx9TDLtw34JZ8WJtSZl6rVFrHGhJt/lmOOjGkYfrsktWedeZGTLj6XHU92/7TTXBpsr7jjT2F1kfTxrmVbmpNbGkcdiKo+IPV1EV9oFDRpZoNIl9yO2x07i40uSWOzQXqgpLihyVEjLHXBoarZ+BiGREK2XRYz/FmHBpjqn/ALDksOPXLnwn5JSllnqnuzCtz4j/APtcIuBkd7ErFHciiic440ZM8pcHPaijSLGRxOtjDByMWCmeh6mNxPQinSMMEhwVjdqkZVUuTLlk/LNWx1ErVJ8mDpfLMeNQWyEMY42LHFG1E42Sxi2FyPkUWUTlc6Je3k53Q5KUTJyIQv0WTRHaRIl2lx/QPunTMeS4kWQ+tCtScSOTQk145MOVZMalHjsnTTRF3v8AckSRJbk47kofYlAeKx42j0xw/wByhI6fGnJtmncxNQ3ZKXoxc+X4J3km5Se7NJpocbKs0UQco8EJ2rNh7GdxytSjzwaD0hQPTo0iRH8kbTtGGSyQvyODILTGvuZFRewzrIaWpriRz3ityB4HBGkWGTMWFQ3ZGt5T+mJmm889XjwhGL7nxT/kYf8AAmPgjHdlEU7ImTKvA23yUUKAsZ6ZHGYunt8EOnUfBi6bfgWBRY3V0RW4tkOWxPL6cfySyOcrJyHwSg3KzHucIRq8d2rNW3ehbHk8DlSHLclkcmOWhUP2qy7b7IXz33mcSOVZLtL+ki9JCRZ6jbs1OuT4f1Ppz9GX0y4Yvt2wZGpU+O0kTiONo0DgPGemen+CeIeH7Hp0RuLJavDLl92UaRw8mkUaY42KAoUNfYjsT3Z6S+xoKrkoocNzSJCVHS7ZPwzSUZN9jSyq2M2P1cbj/kktLp8ngZEgxFWY8e4uCK3o67JWnBH7XIiMwrY+K/8AJw/4KK2IqhEV9zJkfCKNAoMjEhik+EY+jnLwf+XyvdC+GyMfSaeRYEKCgiM4ybX2JRslCkLI9aiZJaDNl1tDZdll7bmPqP8AiNK4LsZ5FuMc72XZKye0i9huojnchNaSb2Gr3NNGSSpGfJaoXZCF+jJEtiEtqGMl/SwlTFITExxaqVbrydD1T6jE2/qjsxPtjlqiSVjQ0aRwNJpJRHAlEa3NIkShTHA0mmhwKsqjSUUaTSUaTTZpNJpNJpEiO3BDJaFJMyZI+q02aFVponAcaOtw29cefPZoRDkjx2gLgw08ivjk9f1MktfmTpnAzEtj4irw4kJfgWPY9HYUa8Di5DwkcP2I4GR6cx9FF7tEcEI+CEIxQ6Lokx5pKekyZahbZr9+pMxS1IlGtyv51mWXgk+zGP6DHj0zvyQqkSluIRyaaZ5IzVk5e43ob9gqXI39jV4JbItvyZJuDo3b3KF2RF/pTicf1DIy+4pCkLLcNLOgzPp+pp/Rk2YkIxS0y7USRRRW40UOJJGmzSadxxs0DgaTSOJpFEcaNIkUaTSOJpKNJRXZCdGtrcmtbZ7or62RzTi6rUKcMi/JkxNSMuHTvFGnYaoXJiEY+2P6cn30MgvajHvH8iiYVwda/wCZBCVukOieSoik6NexrIZK8HqGOSe5HLtRGW4nsdT1PppqO7Om66Um1NcGXq/b7R5JOdmTI52vBG7R00Wo7mfKlcULKoL8jn79TPqkxjds8MeS3pRjpS3HuJGrYUrNVSJZBkpOJFuR4G6TZLPq4IZDqZad4s/i9Kpizq+DLJZHfzJid/oyJLfu/wCnUqIyE7G9S3Ph/W66wZOVwxFGOdrT9uzQ+zNuzGrNI4mkSHE0mk0mnY0lFFUOJRRpNJpHAoo0lFdpyLKsxZXibpcqhKq/Hk6bBDJ0zlKStq0OEcitck8Gm35Jx24FHcxoohyUYY/X/wDazGvajCRgQaxrfwTk8k9TNVfuSnpWxvJmmiu0VZGDojGSRj1eTFBJJtnVZFHDUXuyO733KSPBq0s1W3R06uW/gtxTfg1epJk8XDMs1ewkPk8k5e1kF7r7RL7LYYncqJ2v2HuhbHUZpQpLhmHLGacXIyyeLPLRwKc/9Q25c2aRL9CLr9GXJJd3/UKVEZmsxZFjzY8n2ISUlaexE+lkXa7NDXdo07CRQ0UUadijSUUUUUaSitzSUaTSUOJpKJR2Gthrfc9NS4Y8bg990yMdjQNJc8GbJHI4el7VFUR2kZ2tJk6HJDpVn20S8CxbijXaHIiMvT6bPN+IsgvajpcTyZPwictPtXfwVYsTI4HIfTxapckemVmPpccWZtMfbFGo1vwRyz08kpN+SOw5D3HFmOGimzFHljyaouKNOiTdksspvnY0mR6aou+ORslwQVOhe0c1Hc9VPgUqLJcifp5bkdR1WKklIl1eOMUrH1qh+TP1byvbgi5R4fJRQkV+lF/M3sW0N2u0tuz/AKlSoUiMrR0HXrDBYsr2vZmOf23LMWSpU+BFDQ18ldqGihDRRpKKKNJRpNJRpKKKNJpNJJNDRPkjsRx+o1D7mVaMksa/t2JJrex3W6YrvkVryyUpE8s5wUW3S8EI+Rqu3DIe5HxDJp6aOJfVN/8AwRTfG56f8NgjC/c95Eu8Y6hQIoln0cEeqlvsY8k55bfCMmR8oxZZeom97Mn1EVt2bLJzollvghWhFmOe1GpqVIzv042Xua9K3G7Iz3L9xNi5syZHGKNepbmOFijTJe2Nks8dGo6jrdeyOX9yj0bw6/sUUV+mu0X81/JyV3f9RdEZGq9j4d1sc8FB7TS/3Isoxyvnk8DQx932oa70IoooooooooooaKNJpNI4E4WOO5p3Iv03aMktcrNnCvsf2aXwfS2ajkjGtzwNbD2L3MMqmr4Oo6d588pxe3g6LG31DT/tTZOWqTbOUcDZg3iyTpmmU+D+E1Ldj6ZRQqjsieOyEKRJS1pnHdyHLwyMdUjiSUfsY3r4I5FF02PqYpvSObyT9xLbknP2jYlY0Z56diDqNnWZ/R2fk/i5a7R/G5PB/G5q5I9bm88GfqXlgktiiimjp3CODS/PJJLW9PBRRX6sflYkPshoa7P+oZwKRDLLHJSi3qR0HV/xPTqXMls0WXTsg9Uez+Z9qKEUUUUUUV2oooooru2kOY2OUW9u08q4PU3LJO0T32KI8ie5wS3HFjTFujDKiaWGUmuZoqu041L/AANGGemRHFHzuaa7SIq2MXIjkaG9yTL9x+VyYa0vJN7kMsMKl+Sc9W7ERMk1wxO+3Hk5X7Gbq5fxLUlsjF1MJQ3Z1j9Sap3saTSaRIrtXeiv14c/pJjjY1uMa/qGu1nQdX/B9Rqd6HtIx5VPGpJjqlRilpdeOz+V92u1FdqKKKKKKKKKK7eCeVGTM1wPI2dO1KNtk+nhPdbMxYK+pnVpPqJemtuBQdi/PaTGyL3Mb7VuNDQ5KMiKonkVKMuUN3uXZDHLJNRjyOOmTjLaSGqOjzeri0t+6JLcb3JLYqiJpp9p5Hiyfhk8t8IukS3NNHk1FqbJQ/JqUTX4Jbuzgb22Lbe5To6jHKHUSvzwJdqKJxxfwv8A7iiiiiv6KPP6aZOOrdD27V/UV3+C9bUv4afHMWyEhGOd7Ps0UUV81FFFFFFFFFFFFdmZG3B6eRXr3J7lEU1wLI0uSWaWmjS278npsqjknEkiJCW5qsU9zTLyqGtmNcmD3QR1OR/xrUX7UiPuxEeSMnGWqDqS3RPLj62SeT+XLy/uaaf7GN+lk1r/AGMeRZI3ElyWJrciN2NmWWqaT4RY+zuxtUcl09ieVsUhMyfYX07mtJ02ZuqjFbci6zN9zqcscsMa/uXkSKKIJXuOm2UV89frLn5Wu7+SLJxuNoa7P+po9yacXTR8L61dZ09/3x2kiLSe4p1Ky7SfavloXyUJFFd7Na+480U6bFlj9xzj90PLG9mSftIulY1z2ijTuemzSlyaoeEOV8Id2JEoH8O5I9CJLGoy2KvgglDflkpubtkmfc6eW0oit59/DMf0ocFJbclNcmhsrS6KMcZRftL2HKhbM1bEZM6nqXjlHHBW2Sl7v/8AJdsaoU/wJe2yUr4EyT3NO4kVuONsz9T6T0+Sc5ZJ3ZRRX9NRRXyrj5Gtiu3jtLvCdMzQ3tcdmV/VdF1Muj6iM0/a/qIzUoqS4e6FujDLw+9foV2RZqLsz51hx35+w+pnk42Hd3bPTt2TTSsg25XuzVpnYnqirHsxxNJGI0kiWSTN5cnpmgnprlDyxT23JZm1sRyyLv8Ac0b7i+xRdIlsrIe7b7kY+nG/JF6s+T9zpp37e1Wj03SY8boUfuJpIY49vIvwdPHXknOfK4GRG9xkm2xCH3U/dR1OdwlUXuP3u5ciRQkJfpV/USXy12a+xCdqpE4ad/DGitx/1P7nwfrbx/w+R7r6fyR+wudiL1IRRRRRRXyN0ZepjjT+5Lrckn7dkPNklzIx5Zwknq4JN5JXJkVSHwivJlf8tkPatz+9E5VTJe57ChsNUWTn4KFsRpxu9jqOsjDVGHIm63bdiELgXJyJb9+qnUKXLOk3zRszR9gts8qMTqWpEHqFEXFDHuPgvY1XyUXudVnlHNpxj9kfz5HKiOTYlJjbexuofkuv8l0fUhSqNsn1em2tz1Zyd2N6nbKEu1d6/pvAu6W/ztd2c96ojJVuSx+UNFDX9SpShNTi/dHdHQ9Uuq6eGVc8P9yMtyM6Yv0bozdRq+kn7nb+WJIjO9jklCpUY46p0ShqQvbsal5J5E2SZ5Ezr83tUcc6d7kJyprU9yu8CxcilRZZLZMn7uTDD+bGvuT3tfgn7OplZjZidrs3Rrs1bmtDkmMbpCynpqU3kvlkvfJokq2EqOTg1bHgiSkowZlzRWJ73qQkyhIS/QX9KuyFz87+d9lIcNS2K3KGv6n4d1kulzaX/wAqfP4IMXBie1Pu5HqHqCkWSnGPJ1Ga46YFDRKIkJdolbEdmN1ubSlZGdZLI7xRmegu/Pd8HU9bPFN44eOWa3J3J22LbgW67Q5LRZqL7WTknHY07GNqMhSumfFsPpZFlXDMOQ6dkXsXsOSovce3bJkpjdxFSG/Tyr7Nktr+5+5p27aboyQSquzkoujqsrlLSir5EvmX9Ev04/KxyG7+fx2sjIlHVxyPkocSuz/pWfC+r9fBGMn/ADILSyDPyRnsPK/Bfe9j1JRG3J7/ACSRwLchst+1kXuZPp2L2OT1lGCJSeR2zSeSU652M2fThlOD3iObyTc5csQi6ZGVl0KRqNQsiXkefmiLfp7kI2TjphsaJbMjNRSOvhHqOjnBvxaMeZwa8o6Pq4z4NdpdqSVsreyUtiySK27ZFdsStIlOMZRi+ZC2TTNXuE6M3URhLdk+pl6qceES6iU8k5f6hIooooruhf0V/or5pP8ASZXaMhxT/cfZor+n6fPLpc8ckePP5Onyxy445Iu0zVt8t9pd5d2hOjUKRaJP7FkuRHih+3yOaSbctkP4jgT2ludb1csuRaNka3XPIuRHBKVyEWKX3Gx5CKcjFjooXtjY5ajkaVbnX5dPSyal7uKKItx3i6Oi+JuFQzcfcx5YzVpmq3Rp2HjNMY8jRJiuuy43MiU+ujvtFEmnvY8+OM6k9zL1km2o/wC5vJ29yiiiiv8AoKF2XyNb/rRmabHEoor+mo+Ddbpl/DS+/tL+Wu9dn2sQ1v3ctyPZb9qPiXqY+qr1HpatI1zcacnRp3ELcWxGe48nZSHkpbj6uC+rkydWrpM/ikQ66su/0GHPGf0O7FP77GTqk1pUv3I54Jc7E+shHezJ8U1KooyTlllcmaTSaTB1E8Hn2mDrVKSl4T3MctUZU7aGyTuI2Pdifg6rOunhq8Mzdc82NqPtMPUSxNt+6zJ1E8lVtRVu2UJFFCX6Ff1a+dof60ZUWOI0UNFdq/o03GSlF01udJ1C6np4ZF55RCVifz2SdKyfUqORKthZsbfIs0G+SVUWX2XbVQ3UqIv7nxd/8at/7f8AYTLFIUixPc1bjy7cks/2HklLyVfJpNJpIOUJaoslnyNcm/3Zv9yiiu1FGkprg+H9b/DS/mNtMXW4snEj+Kx/6iXWY4vmx/EY2/af+YT1W47GfLLPLfheBISEiu9fMv0l/wBCor9GxOxxRXaiv6Xoetl0mVb/AMuT3RialHUnsLgRYyiiW3bqMix9Put5bI8C5KI3XaLQxcnW9d1HSdW1Bpxlx+B/GeoqqRD4tk1qWRWdV8YeXFpxJxf3JZHObnJ3J+RSNSNSFNfc1/k1immh8lFFFFFFFFFFFdqKNJpNJoNO5pNBoNJRXaiiiv01+l5713fZL50L9F8/Lfdooor5F21UcjiUNFFfrv5HufBut1R9DJzFe38kJGv20UJF12lwL288GfL6uVtfSuPkTSG/sRTEttz4j8SeLIseBpyX1E5yyTcpu2yu1FFGkooooooooortRRRRRRXyUUUUUUaSvkSMWlXq/VfZP9O/k57LtXzJdkv0KGu9/Myivl44FJMcRxKKHEr5K/WUpQkpQdSR0edZsEJ3u1uKRq3GeO3UQ1xbcto7kuolkSt0u25Hgihw21eCOWDyaYyToeWOONydE/ieeUpqLSh4/BX33/SortXzIr9Siiiu1FfoL9JfrNll7/KhfIv0K7P9Lx38/KpNC9yGhrs0UV3r9Kvk+F9Z/DZNE37H9xStWiO737Mk9jJKKj7uGT06/Zx2cqF1WKMbbH8RhiX3Z1PX5uo2vTD7EJvHJSi9zLmnmlc3/gr+kX/UroctyyIv6F9n/Rq1wWVY40V2orvX6r4PhnVPPh9OX1QE9zUa9rZ1GfTDb6mTySm932yT9P3eDN1TyLTHZeWUV/RUV8q+Z9l2r+pQ18r/AEHKhu+yVsiv6J9nx/SqVCd0NDj30jXy1+l0Ob0eri/D2ZGf3Nexm6i6jaRLNGKcnMWWEkqfJlyRwxbk/wBkZeqnmVcR/Xoor9Gv0KK/o18tfI+y+R/JY50ObfdKyMSiivlo8nj9Dz3e4+f6ZTfk2ZQ492jSV3r9Hjc6HrPXjUnTRPLaaU+DPlnkyu3wb1yLZ7PgnKU37t/6JfpV81f9B4RqL7WajWb+R90myMa+ehfryX9NQthNFFDgNUUUOJXev0IycZWnTHOT8v8ATrtX6K/6ixdnKhy7UV3jj+5Xzc/q+e8uCxvY8fPX9CpUKXajSOO44jiaRoooor+rr+gXZf0K5+V/p3RqKKKOCxKxQS738sV/QuP9Kh/NdCmc8FeSihxHA0McRrvRX9BX6NfPXyv5q/o7LG+9l97LNRqb7KJXazkjESr9BIX9E+z7Lk+3Z9338rsvkXyrtXe6ZFv5aGkOKNKsaS7v+or9R9l8i/Rlx8nn5V+i2WcCEh932ikL5n2RH9f/xAArEAEAAgICAgICAgICAwEBAAABABEhMUFREGEgcYGRMKFAsVDBYOHw0fH/2gAIAQEAAT8Qh4zbUHxfwvwHgh8CHg8D5PJ4PjUIQMyoXCVDxXk+J4POv5hfhfzvxX8Fy/8AOr3/AINebl+RuD4GmPivfwYZh4uHwIMuHxPFSvB8KhAh5IHwPhXg15P4TxUr+A83OfN/xv8ADf8Ai7x4o6/hP5x8G/iS/jf5m5cvxzNngl+K8cXCH8AYhiB5ISpUJXgx4v14qGv8B8Pz4/n3/Fx8D41HX8d/4d+a+BnzmZ+Iy/A1D1zM8fAh5DEPJMeVSvNQJr4BnwHmoeAlSpiHv+I+V/8ABH8h/ia/gP4PqXLmfhfjlho8j8TyQfjXg8VK68kN5nMIQM+SHglQ8nk8vivifx1/If4L/gvg8X/Cfwnm/isuXLly/Fy4PwGD4IeTcqEIZlSvjUqBKlQlQIEqEqBDzUr+K/gS/nfk+J/kPg/mq5f+A/Gvia8Z4lPMvzcF2y/Fy4MGDL8XLizD7mnxwzkg4YQYeTwSpUIEqV4JUN+AlSoFeTc58k3Alfy8+KlSqg3D+cf8Xn5nzPuL/CfxX8rly/AZcWXLgy5fkGXCDLhA+SENw8ENwN+QgSpUDwQ8BA+B8Txz/Df8D/A/w1/jHxPD8bnH8SfB8H+BfjPXg+JC4eDyNyoEPB4IQnMPBKlQgSoEDwfE8J4PJ/BzNf8AhF+T/ArzXjcqBAhuoQh4IQhCJ1Ah4PF1M7h4H4B4Dxjya8nyPhcv/wAQP4L+FeOZXivNQx4DE5mm4QlZgSq+BBhKzDwS5uGPBB8EJcPFe/JrxXxqHxqV/E5/zsf41/4Z/C/KvPMqVKgfAgQPNSvga8X8bgw3BhLm4Q8Hgl+Rv43/AMGfxV/IH+EPwX5n8Q+UuF+A78ViVKlQ8EqB8K+GPieSXCG4QfB4NeDwTnyYlS/8A8X/ADvipXg/5d+dSvNQlSpUo8hKgSvBMQh5IeCEPISvB4PB9Qm4MPJ8Lj8zfh/iv+Z+J/hV/gv+M+HwGIeDfmvFSpUC5UCVCErMqVK8h4rwFHg8ngh8Dydw8m/CS/BDUNR34r4hCP8AAPwf4z4X/k6+d/4J/C+CBExA8VKlQPFXDqVAjCBCVAlSoa8VKh4Iea8EryQ8EISoTmHwHlYfC/Bj/ArxcP8Ain414uXLl+L/AIbh8wVKlSokqBKmvJD4BAmoeagQPJCEdQlQPFEPB4IfN14PgQ88x/lPmw+bD+O5fi/8i/LMf4ZKZXg8U9QlSpUqV5ogQ8sNw+RD4njmHg3DwfE/g4Zz5uX8amuZZ4uVUpqyGAtxLiZl/wCTXglf8IfxMPG5UDqUyoHjMvuCPgh4JXglSob8HmoEr+E8Hg+J/C/B8VzAXLzF4BFFsGMMoWmRMk4xmXLSOWMQaLYC/AW/8GYGZUCpVzaV78VK8fjySpUDyQJXgm5Xk8VK8ngleDyMJmHvwTHk0wlSnw3cqP3BcZp6gNVFGwjK6gBbLqIqFSuYKNCXMGyoBgzuAqVdlRvkiu5QodpWUnMdw/8AAQpvweKlQHxz5q4GfFSoEqVKqENxMS4eKlQPB8D4+oFm5qDLpjXDMHJDJEvMB0QV4lQOcTmFQ+pYajjcsg8w4UZRKqVCAOSAsR9ItLuoipwhVBUTUKcRQP3MkXGWG4mKjlC4QaxNlagMCGpDjLCzcsm9Q/5Ii/xMCB8KlXzK+FSpUDzzKlSswMSpUCV5qHxPgjlIvcBGFtVLGYnKUFPEwMcoNVN03EkJfqIgXMZjGCheJtFGVKXUIqnMoIufC3UVZmQw9zKA0fCFzHMWuQyqOfgLiBqELnBMbSHF4NTBBiVrEGbzXzfjX8J86P8AgGVUJXUr3KlRK8hiV4rzXivBKhrxXg9ypUqEPD4ISoGowkM1Ecq6lISVbgNPEs4JQ3MuSJyTFoAs1INoHKJnwGSFGovgRUGKAyrJXuIE04gCQ0VEigb1LQ1nwZtXOjMtkYXZAiDKCC9wHBmDLg2VArWJbiDguUMkHGfF+NR8P8h/My5f+RUqVKlSoyiVDqVNea8c1DySpUqVK8h4JXkjoCBkhVKv0lcqySqxLLI4EPkOIGLIEbMSrRiqF1guZSMZAtS6nN+ADOWBmoJQaltyq+FEGGyDlDMTEVMbXKHMBKnNCEvMFwseHwqGWpfqLzA6SA2whkBuBZcQLWiaRt+Fyl5glYl+KlfE/wAy/wCJ8VefNeFSpUCV4/Ez1KYeKgZleaxK8AlQFfGkfUubdSl41EMzgB7j6oNr3G8ELIq3OQmBjQZatcRQJVRZi5lxhdeFIR3KsI2ljUFICoCsRy2WIrjRhSFEE5gLiJyRiREsnYi5n1ByXAMUisc4NA4gSAMsPFXDKJDMqi5eUQOSRAYmZ2RdwsvzuBQqcbgi1+Ov8nn4V/Jv51K8618KlSvHEqV+/FeKhD43A7wT5R2+0D0S7aJSswWVnNLSUqhiArMKWEC4UAYcLYRucSVcysoMTDHT5DrBrUTmU1C3EDCHuMikDOYdxFo1KIG2GpYRYtMJt4gYHUcEU4I5MzK0pYi8F3HFkCZgsomYahpUzaxNJrwwXBBiD5IFcpMPMcsdx8X/AB6+Ny5f+fUqErxUbJlhKlQhKlQJUryVmj9wzJRLzEDsR2FosAX3Dhi8p2QhVGuWAOPAKiKHcVW7mhEqPtB9SlzAzSSqKmEyrMRFi1xbjhiNN5mWpQPcRVRUivGoB1GujEXZmUGpQmbltbhsuWTFe4XEmF3ABcStRPcWIlZI7wxVqOSoLMBHMouUPzFrTHJAGpVxT3CyNSNUIxFNzDcwkbsNRpzMwMoqRmMN4qpSrNxx/G/zH+L9eDfk80zNTiV5qB+YHn7YDhdSjikDa5cy/qXbcWMQULqUrO4cyholu4NxKiziBmI8oozGENsQEXmGEYWEy7lArmBmmNoiFeJJBFEslAhAYCWMaipiajCWGIPmCwWdQYu2DMp+kBfhd4ph4jTEAwA3FwMUBG5h3AzHEYbiUZzHeZZK/aItwKe5SBEUhjMVh/KO4uPIpwxHM/qIVsGVtQiBZmAL0lj/AKjnUpD5P8D/AB7nH+JVysypUrwECVKxK81DwdSs+pRAjQR0ipoNMbiiJMRhUxF21EDcBUI9QIzXmaQGINO4ZcysSqZgx1Lq2R7lhUDGdxmu6iBemWpG5YwDnMcZtmCVeJuGErgblbVfUpGXjxzKGC63FUBAFXM3wAOC5R/7im5ThcxPDuCVDjKCUMoVB1DFsIYtEG7wXqdCBXcSMytBMdtTCDGqlrqc3GsqlMUhNJowYFSwYlgzKCMCDjEZTXgUYJYuoAgvwcS7BEsf+HvyESBKlSvNRGF3K+HEWquJszee5yDf3Li/RKEaV0x16rGojIu4MAQIq1Ai8RgXmGzG5hHwYyrMUGNDBLnMMcwoVKqBRu4U3SVKGbiqhiaCSijuFNxdIN5YgBywNU1LQCyG3C3iK5SjUEamClirq5TPzEqtRSKrCqxG1bWOthLYouAQvBFRuKYuAMYMSgGOzMCeorGiaofqVFm4FaiQuUthYIaqXKpYcmC0JYOGXFCblwYpwZgiq51AhZCKuolnOAsEXEzZlLupzHDKxcylxySgVmDAuBVwKXUvKQ/jvxcP8M81E8VKgeKOoEqVKm0qVKlRwoVnPM5BvB1HDtcyhNiI8PvBp7MkckNKZcoSpjpEUUE4jV9S/cIp8CuALmIjhC34WVWLG65iULNlqDYIjZiGONEUyitUowiZ0iAEYs4lEqEvUG9wcRMKg0SEAmJkwTPwBhiO0SCuBlyHiEMAmIOoYD4NTCZmRxLBpCDVUQgxExOYMicOcQN1x7hwwAUwGxuXGVgIy5VwazEhKVEPtFGcRhQgiAdxa1BVco5qKJiC+IM4ghEy4MkRtAPpBWOJccR5JUhAoa8I+L8MvzcXxUP4L/mJUpslblQlSpUN+GU3ElQlGSiP1TA4itcyxFReiKghWILLUmoPpzUAgR5gAYOoha5mYQOZdwHcplVwgfh6hcEjQ6d+EczSGlznJSXDFOaMzgQBA6JYF5jcpKbhsIOyNxhlRUAcSrU7YhnuVTXhWyKiXTuIUixncIajqPvAYhu6l1TiJjEsHMHMtlnRiERwxFylHh9Q2e4IiJmCShCS60S6E5gv6iTI4AuGmuSWQt1FDJBBUzUMUybqGJBoS4LmUJiES5IxzqDPhwNahE4hjUsehAwZS9zcUPqLF8y1DN4Znsmeg2X4vzf+WealQPgQiQzHxpYO5eoFYqAC1O5riKhMETNgJoyk3FtyxDhgKhuLl1Lw9y5lruLLjLiCGi411Aa3EDcpfphcMW4isPEXa5ViUTaoWZuUqZqybzSBeGe4DhOYV0YAbLWg33KBWYn9TKx3mJbGqVbUSGIY7lyoQDEpRP3YjiLMuoe8pSghKGIoJzXBTNR2EsyiTYibEsmQhuO1O4l6gQgg2DnmAN0sQ4otTWYDqBmFSgDMwUwUYljkRSExBbUtOJcagAmUl1GKWR8Ewog6qZC4pUF1BKlpBzLOYaIzkdQyEVRhDP8Ak35r+IlXKjqVbZZr6e5ZZPKadjNQDermuZ9KiwH7iHdUs6llY58aoPYGo1SurgABxBtl5iy7JrKvcpxqbJVENJhSDMLd0a14YhmYS15hrliH0g7iAftBcorT/qYiUjgga6lURF20cwxaZvuOrlNIsKHVLDMCbe4lhYAEW/aOQkAYAZHcQMzGYm6lFIWkl1EglK+5pQtgTZcH9Qq1x4UPEdULw+OYxLT6g/dLDsn9UCicQahJfigxEMbgEojRc4JgJBZp14C0fcwTNKjO5QnqPGonhOPBGG2VECKsFEC3XEDyvyfE/iuX8OZUN+KuV8OYUbgYQPCwbl9M13e4Zd6ucjzCBiYGFbxBUBNxsLu2ARXRiYDRMmeSCsQS9Qi6VR8G0g5WKAuWWSxPFVDIxNNMFYtLiazlC1WpicSj2lGXYcTEMLiGBhhirOmOlWEAId7mhxFtlW4hiqipS5iLC8mILMF/iKBAhGwruNFqZXMyxdxUIXUwYXNRkWzUi4+SaqVWmKHMdr3CBRYqUTD3hNqjxffhATO4Utl5h3BYMGYYgIEu3kYga8y1dIA9sqv34Bi8TFMz/EJKiKkwRZ27lmELEWzMAuOpXjqVYFTJqYHiKvisRUwRIQNZiHrGckUSsLtqFMwQVAzef8epUDzS4lBMDiVMwpXExZDdV+2ZyAzV+oOEyOmUU4KuVdFQwtmCcVmW7F11CbgRnC2oQQ3X7YxUziowcMUrMzgyP6litv8A2lHXLxKFKHUenNziSEUYECitQWbMdwohrEQpMK+4RYZZSBpubLu+oC5quIi75jdGCFGZFS7WSviJxdhuIC3bCrhG5ywFpj0O7jFDHUziVB8CGweJsG7mn3ANhGgqpR1EhVYEEQii4i6gFd0wA4NwauV/TEtCWWUS6hsMIYhYxExGmDmF8sMMRlVYjga4jN9x4SzmpQ1xEAGYJUqRy6l24Vp/EynLBQF8QWtsW0bUVGqC1AwYsUzqUSyfkJVCBNxKuKoxLKC6R0xLOiZWItjVQUVKH7jFTcYDzEQU3GVlqZTm53ip9PxP8AJUol1tieS4GtwXA17m95YqrhCvlZwQKLBuLV06izgP36hvE5nTMgRyTuBzGl1iFC65QpAF5I5BrhFwS+0YmQp4hvAXC1Obh7lb+opCigZqvuCzfMUpbzLmY4u7jkzBAOpRtExVR3AvNVHOmGvcdEFW5ee4hXzMvdwhvWHb0wUnmD5YiYcQE0uXTSK4Y7C99wGhknBUEaqoixFOZUhA/m5d59RE7Rbk3EtcRhmXq6gXcNyrJgtJg4iBiCggLmATYSxb4iACDWdwxAzFYEVdwN5iTJMWAwZTt4Ydl5qWVOWYMwYuRE4uJJV+kZwwi7ClVSirCglFzGrmdXBGVHiBlljaIh1DdHc2XNXEteo4G+KsEtYmPaDeGAVWBuluKM5l1ASlBUUAoJQNmV5MS9UG/wCSvg+AlFCA2iMJZcyJr6mSGVc0wjrELHfgdoZMaxUQrFYvmJq3F7hX4mdOoki1bcpYzbqe4eYyt0I1lYgkKUGoemMy4Da7uLepkF3FG0IUQCGbK4ZpbrmDYc8TMreWoB5O4FrAhj3C+sEsY1QBhqzuCVqUmSHAg6HcQEyUx1k3FXMdGmVgYAPUpSNhLtMzWXUS6gXlzCdStm5YTzqXEyYG4rIXHZDO5VhgNXKnaUKii0cwTH1LjiGaMs4Zi9wnWAKuVtQgXVkSAZcR7q+pUAUkrRgaVzLBcpgSzbpGF7QFnEoiwS7mHPuDSMZfSKJiKO0RaZQ13Br3FtKhEphmZVZDWIlQauBZrcRRSWmajtbIqYprMt0y6CEwlzUGzmAGmVNagPeAVITmL3ClXfuCkrHiXSxXrll0QFdxbVmYhZSrhXgFuJX8y2EM5f0zITzuWW7QLUcpuNoLwIEKiuFCwGGReagIor1Kv1D8kMtcxAN5YJLdQkP2iauJEb5hKay7l0rUKI/MzOky0Dce6dQW8HiofQwWtxeoEnDAq2RyFBNAQRbzE0JEBljG06IAi5ZpJtY6iHxMSjLcpVynSOUOY8MVNQaeoLUWYFbl5zOS8Sh9QLJiDbUQHP7g1hivpNBPzLY41HMCZdy3EoupdYYJCvzMlHiM4ZgZhqxqAW3HC7z1GhXDKRhG1Z7lqEovUbC2M3Yg2OO5RwYN0MNUSsZglARmCP1R5VaDUKrbFl+ORHUphjzbjpcryloC7lmIQaYa/wBIByQRYbhbXcbxcwAcQa3MNxSiG4LBNIIlSnMJbxFRBzdxFjUwloDqVXMwGncoMpwXl4hckSoqfuNcL/MVhqX/ACXKt+5Tq2WCXmKrnwAJREJeZcuFGoDUW0OoUxSa2I7YlXjmUSuYustG5Ry1K36iF2oJTeD8wtnUscNrG/eUV1DXKMonuJKWwjefqCMrEsNBidRuIdJtIdRvgwKDzxKDnB3BFNJUziar5h3Q5EdtcxNxTuLmHuIdI6gJYi7RZzBSiUDwY/MvgNTUZaRs4lIckLkQWxHjcIVzAsnMHqNixlj9wAgkmlEqkxHgbJtUqrtmlu40LlDU0DcegjNpbV3EMpi9TCIOYIw3SGeSGFkAMM5CCAZgwFkhscxtXmKPEqsy3cpkhIrxxCwDqVvEsuM3YywjCvr7lZ4R4vuYkGFVZCM+xLMM2huJ5a8LsSWku4VquGY931ATUBqB3XMbkMKfFzY0qPARg7SyhxEKx45/i2m+fWbwAPFxZcq5oxuBBRxUHJMkACCAbcSipFp36huVwwW451LLmKQQDLuKLItl0ZfoESsvLUxjsMxXDeolKZvUMGl8yqBU8wEBtNziO2JlrUC94wU46gGcNQgbXGRb9xuaUZixQouKMXTEi2UBLnTEVfMatLlncuoCVGu5jiYYiuKvAszKlOpYxf1CJcMLAsgoXqNfRHLEUOsQIAyTRES7qUNXA1ccAczYjmYjmL1ARFOkRNxacxciC7kepETMShuClyITes9VCGoWIgYYQCVNqudEvhLXMnM1KNRKQsswnNLY0hbUcKZIzDHi1GcEEDeWBYYSFAmotsTk6gcK3AhH+4q6mCdxpTlnRl6jMFjrzOBDE0uUMG5cyQM0bgMdXBD0xEt1EhdumXQ4hbYRQF/x0wKg1G3/AHLlyyPk9Fw0Ypc1ECkUFc5zDVYlYJlVB2YkS3mUUjDM8xGI9xweZaK5ZT3G0sSqFh74lULOLlXn/ojoNkmF3mUhNxhgD9zlbvmXlC3yekdL10ETENxCoYlWzEuqZuJSRd2zFINgP7EwjEQKhsw1HXjUqLzFHO0UeAjule7maC7TJCQMek1C3qZQQzKU3KWSuEaCITuAXiPJQAHcraSHdkRZm293LMDVxeQtcxC65hAUxDftFNoEHqOeWJGwhMQq5jCYjWZiY3GpHcJWyyUgKBcttEq7mUDHgB1GjEsxKWZQWSjErMuJQuIGA4RU5jklmjLNALOS5i90Es3iaHUA0hUaFShvaK9s5u5kQsLlTCCOCJN5dQBJiAlsYBzARcrjhQyFkvUxL75j3bKoeWcn8LHOvC+GEsoMt4TLF1oKlLxMtwh78QFllqoSW7IVV16lGSqjmW5Q4OItMsWCiyGZg5jTVU2Q82UyGN1nU3/qJUAuXqZocRTRfLkih29xVkUqGJgi/wAssVOy11LZ0xGQUzAQh9BMTmmFrccg5gpstSK1pqLdwQVWznOYgqsQe0ATsYgVuZy7lOItMHEaw7QY4ZZJW13Kswj+yKKm2wIv3NXUpqyFDm49NRt1BQrctzEsxMX7mBMMQO4ky1xgxsLPUuUKF7KtwC9XEWV3KWswWa8FsuWhcsijpirLKiaIitJlqYzpmWvUKuagYP1BkA3m5aY4gySgxgIC7EXgTLTBeGd7qIg5QWUAVTJAhQ3F2P4lieyATuVE6jXWBtqA24JYyzBgQwDFCXNQ2rtqaAnP8jFx4NS5c2n3KNftCQ2hhf3KpfKIZvLMjkWE1xuP80dVMPpE3JhijlctFm5UzXmLhMMKajbWQBWuEWZdwBPcaONxqQUV4dIPvEOs/iBFq2MbosMJqLdvdsDV+5lvcIa2sLTYp9S3oA1UepWuIPkuyBhKVeeZRZ+IZInRwxt+oy4cxTSzCId4gQBYCtxAxzLo0GmAhCy7CPOZQ3JT7hZDOpSqgEqGKCDKtiruJtYidEDnFqfULuHJKaLWmLYNFwD7gLuXrqGIksqUAYAEplhcSi4Ny8BtHQTCs10KXAqPAZJ9sSmrEKYZlQBruE0UzYwqXbEBqsxsWuZUBnEREFMcqtzIAlgNT33Fq465jlVRFcRxi3R1AjcVzWYWwEWEetEfhGArcA3bnqGBWmKl1AQVX1Fsvi6xuYUcmY7bKqUfn414PK+HzfjbiIrXD9weQoCPkrcs/MtTYNXC2xLI56WAWuYF5dxQxEuYjE4g4tiYFDuDl2unuGdJmcJW8lEu4g6JUUxU0xGnd3F4YEKQz1NKOS/6it4LIGE/MZFuqzGezkTmEpDBCNgy42dQhTVwFPJzKmWBlxDKwPUOB174gE/rKXOko94vcbiN1zErkg3mDeIQWOzuWpMIGxylJUq0SGmoi8dT0ZdnSB4YzBCiCqUXHgBmWGjEOzFQomTEQZLR7hFXs6gzVMbBjeInHKWYGpfKuFVSvqLdvMCsRq0/cWeEaTBoimVZKIek1qDgI1ULElCY3LIJKJeoN5lslwcXAKgCU5jfmMA78dpYlLLDeZUow3UOBBSOWOY6x6xC0pQgAQ7uDVwdoV4YlL5lUR5lOo57eoLsqYCiFKuJS1mYWzKcF7gkQZReo3UxdZm29/yvwvBKobWUx6iXPsy9sKGLqX4bukpFXJcL5GzUVniJGQqbR0RiGqBtiZ8NsvkMXBTaDbLBKzaSl9Jmw1BQsMRVyTIa9wT/AHQjTslG8sy/cacU1AsPM2rXEBAo1fRDAMOEb1gxMADfMtSzHdWYTY3uGwjiXUV3mZmHj6gD4QMNdTOAnUbKHeot49XECmUULEePS4T7xNLYwrWYGU2R1LmDODVCNDLcACGIJRii85lJ0kAHQDCnHcuLiMm4KDpJQZzG7VXUQreowtxBArCAZBbE8MTHUVC2F5Fq+5VmKaQcReAb58bJm3HDUSjiAKqKp6Sj8w4IZHcLmo4Y3KhUtu5atx0qHIrbaETF6Uy4Bo7l18p0gbZV2K6huY1qchsjfdEuB+DHHGoFXLtqFYCrhQi2iYvmGqqMPqXK8RHHDiOTUtE3DF3EUXBV50y8Icfx3LZZ4uXOCK03iEk76JacEUF0QBNW1IBfoUqoRHO4jDWrJNL+ZTmD1MTB4QZsLmpBIVsb2agICypUVhNEVpovMIaWvBMFgZFTgiORZdSAiPqJI7uOxOpZxLajnnijodJRkqAmTG3sywWZlA3HMLARi74I12BMuqjBI8COm+kdjF+txEBuOLO6Yg5yy6CX4OB5iLIxCzSIWO4ivibrFbuLShlBBnuBAdMzI8EO0So4ivAxUA2TDBshdbMREaDZsOY3m44MXK3TMxZkEZI8EcLLTnDc+u2cnUd4hrEUFjkitRumNzEJUseUWppctCFVDlLgWhbEgpUcblnEHSKMxwi6jbIE9wM6GUxFNyzYgpd5lqKq5moFaiA0XMZJriXgxzURpFRDJbFe5bLkJiU2PEqhaSZMTNwkEwyoAoqIO5QiSqslZEfYRQ3UrP8AEuY55lTRL7jmCUXCRiGZfEMepX4Veo6O9qXXJcqfkZXYqj4W5gSbo1LtsKa4nqI1VY7m5olB5dyperK0xnJr/UtVTEA1euIBM4O5jaXDprBRDtUgxBFqvFSrCZmKtTKsLIcxsKq4OJwxLftAGEqYbmEsz3HNTiWVyPMNGw5+oYnGByfzD6UZY4CyTAQ1DBTJqZyYildbmwmEMG/cUqKOJYLqCgvEUruoQzIpo3CKYEEOTHcSfqLgSgiBHMC9kpFl2EsZbiuSXVYi4JKEXdwgTniANYNnUYOGLG4MGE0WITVwCzAqNNTteoSldwZiDm4qT3DUEvyC8QAhMMkKNRESJZ1EIbFSnJULWIckdFzJjbEY11CqoRa04nsLgG0cq8SwijggpVxFuQRXiP6yPU3FCMBaal9xoUJeQnCKN1bIZi5CVl6QGnEQLhDWjEZVaopNy02n+09kuKCGKfx3CMqb3HEIBh26jcpZt7nMgiBayjVw2tZYtYwS5pS0V0+o12DAUdI+7iDoPJGFS3HUDecD3NKdQ/FdR6z1iCradw0CnlilAH7iKAwGlmdWiOqJT3NcIDCoQTlsMsKIb9owCAEaW4ZkfUGczeMRJYOoC6L5gr3XMSAb6S2YDphaaG5QoahFYu5wNTBpmJRt3H1aruCwdK9wBI16hoXUyKxEBK2bjQEqIbn5l22IlcyiUzLdgRRLGH3oQwYqXKmSGAqriK0NzEzM2dRyLyQoAxpZ3ADE2mMCdcQiuUSNeP3CfYnEQ0xzcgBiTrKBJURRuNxS8ily/BzNIMtvErNxpcRUW4igsai0Bn6giyx6jNOZQIaXNygsY3JYU1uIevUW0p1xP7wVqLkO4gKdxQYOvdwyqVstTEDUcs2m4ck7alJYLo2gFzE+4nvS4hwWu4VKIFlMwwG0FI0MtTCdx2/lXzfcMBk7eoLPOw9x19JEVmeahyr6ol0p9XUsQg7ZhwOY0u8wWUUjsDPUQur71KEQ8dy1XMqZ1OBuWy4rB26iVuGWZagUP6hnzhhg7hkbSgu28QRAjELEANwV5zfUMAsJe/ogAGu5QV/iU05uA20cQ2clwBRly4nKUMHEf9RREUgKrEzRwNxbOLlBPcoys2BTG9fxMpc3viU0+o2EXHHuUsVxkju5Zq/ggEQlH1MbrUHy1KUDepgAhwcQAFwXA3NgckSXEa7Qqighcm4HbVxKDCvqAw/cTFyiIZTBoZ1CwPtjaynpLEfEotnEIZlQMQwxpJVSpzUf6mQNtygcfUcY4lBMFQzYTJoMrYanIFzBXHeeIAdzXeGpUKzcXw81GByQAQdso/UFqJwjde4UC5WogTEOVwIZ3LA3pCAlE/MoBnUAXxG2a+o1cEEbjY9xu0xg3EyMEef5WLLizIQgjDgp9xA2XbCvbkjqA0VHWZQlfdYgjG+JdGUEHAZjWpze4lYcS1G6OpQlTjD1LFiI6qDZhiJdVCZr0E2gbSxA3NpXEbEWjWybCxish1AFHcNocnEdbO2IDZt5mH2lldYJonLxDpqWNSx0xiFCtGajsIDXqLDUbDdMCW5fP+oLEZ6gqyJFQVsz7Ix2kSguNioPZucdbYN49Q0sqUVGmYja5uwYnqEgm0zFqDYaeIZJUFNnBBKvcy3CmY1TZNyJ3tzAluya7hlnWq5iC2Y1SYseI+5eRYvxttrARxFxkywBxzFcCoV3MdzkhEiBq8xOY1W41gZXMQq2LmXccMwY2gQg4NxzavXELPtERb+5q83DAbWG14jk1MJZxFEogVdwsOkcL4I214lqBAGO5h6w4cyr4mlS7IRfiNTwIAFSNjEpVErTJQR2zNAx3MI8oAygX3TcSAj9wwg/Ur+K4xjLmUo2wBshxBERqDdJANqpVADMTZRsULXEe4wS4xKEdExe3LC13KDNn+oc1wpg6hTolq8Zg/nwAnuIDqFjZqUTERY5ZsS4DtmYMQlgOGbZcVBOHB3ANK1zKBDV4ZIBwojTRqKLWXUqb+PDMoK+5cYqXqcncSypkFReIBfOCFkArcvc1sgV+45K4lZGCDHEsN8RztolFo1ECs1XGotMbhMM/SYItXRDg+phTkhQHuZUR6hCqtmd80Qqq/ubtM/DSZFSiiUKpsQxYyViYy8TnctYIlFw8Ec8+Lwy1dQbfqLDLmo6zLnqAyoTByuZCM3vTUuuFExZVCP6QFKn+6KrmQwzmVVTkrCRgbNwqa1KbM1LbdTeYczolzWxIkUpenhlS+451NYgC3aOuDmMCUOIEH6QU2dYxd45F3KwFbgbP4ljrwqYBtwE786MPxODqbO+IObkxaLZcTduNxe3fSI+D0geIM73L7RmBoOyZFQYlzaggxZYamarTEY7l5l4+4qI4gKVuM7GCEVyIl5hhNQEzLB5i2e42rSJQePI5lEXmULVymo1KctS56iYBqWBkviA3kz9y0jshU7TG71McYgBC8wDUpJKPtE0ItLFQo+oIvJC2p9wm8Y2lbIKJ3mMZxANalZlnL0m4tkdSgURKJQQKEzbcypghmUyiJmWLfceI7lC5RTcAz4tfUQic6uNw3hlGG5tDBGXTUFty4tDDAQWygrBeERIABySjEveOokV5g2jAXqFthgR3cXIlaJQkcVQCS1wmyMpN6hfepypXCLRItmJccz1pxG1Awit4w4BoJ++awDCxCW1tHUXvJaLZqO00WoNDIQtY6mNJaUGg7QOzKDcr4Bz5WLLrmplP0EDfmgVpSBuuILtEvkXquJ1ilwxCK5Iz/kMRt4ckMMFLrMaXiK2TX/eL3E0eiAK45zFKAB6iU4RAirLWo0Ab7jepix2qK21LWwJn6pnioyDe4lda2LlAermUxRxBWIBmIHAQplAY1EI1niolxb1Ej6dy5iyoFwKcQCfREZsDzLw9YgtamAGogb7IQb4hVEMLxqYJi00QGn1HW5TuZFu4SBYwmFZTVHca64iQMUTuz7w/uUIMYNdyypfWaENwyw+DqJdXLcsJwQlLoae46nIBRKnDU3LiMNS0PMyZcWNRYscx3lkLIJdESMPxHmN8SiDjKwgU3sTWoy8sDGrV7gpqBQhbDcSlG5r2gVDScSmjUXnuJSVFMpxAhbAEJRS7mDLEBa+5RbPDPq/wiIy+YkJZ44iVGowS1l4jUrli7gZmR2LccNRoRFXcUbX9xAzEcE3n4XGPhcRzuA7LpxABLq0hyvMQ0xBb1Cyo69CEgW5kvHbpMNGxgcczRmM1GZggWjKx7KuOFRGZ1BxI6KgxhB5MytlGvcbpN11LrA/McaSr4lCZ1EB2TTDKZC4QbRaRit661LTGHMFhlWn7hGdLtIi3OWaxHTDR1ALK0i4vRmGMruMcssu46ipuFYmhV8mNaNwyVDRdQC03qZ5FZD1G5aP1KaIgUPuUqvUFkIK4MElk3iGZKIKcNw1niKu+JSJRAUbmVDiURU+o7geOom0tVkwHcq4whampmG3UYgGYDcqBwdzJcflRNtx8IxiqTSJmcEZUSXWBuL6JigYXteS447ilrmFMtk4mPNMTaVkhT0CWC5srBucEBc6g1jtivqJgxD5QRSOpaOIxS5rBLy22oetYInMXDpKXECeREiDB33OAoDRhFLVrBDUfCIAFDH2yK/MajktQWss3BcFG+ZTham1ZUCkESzJ3K8MvxbF8WpV4ghndX2SoZBn9JieLmmcDERoLFoS1GL6LdM6mckpq5nMMRRxKiwO4juZEjgDuFOB6gDStQKMUzi4X9Q3mu4gaHD3BB2s4mYMVMgHfqKMcQa402yws5iznqXqVdXqIwkKIaYRhFTMugLtkaecyqA4js9RwSF/zjhTUYNYuVC3KbJshyMxp2lFsE82WZxqMVf2iDpggErUQZEDeIpkSz9SjplAnMv5i6xDDmWO2yGVwC76mAeZZeIAIBNypuGoNLZbEGCIQNVuoCq5ligt1sMKsA7JWZXECqS4tZmfhlz4AlMqoMTJjUuKYajqoB+V0QJDQUQai/kithg2wPEAUWaJ3BRKMkoiMQK/Di5hc/cAU2YgEB9Q0sN5ZYQTDeJXovrM1Ep+JW41lipybx6hYko2spzBupdyqaLgQzOA5iwDliaanWZh3dyR3lHKXPu1QYM3E1cVAUlsQoOgpSrKhb6l34WpcfDRHEQABKdgOheYhlvqKxIsRqglNHfcAVzL7zTGFkguawsAOIspafc9CJSbS7Mu3UW1hUwZKUADN5m+QglAeGNBajmJtcuQ1Kth7QUR90y2zggvFK4oB2Y2QOB1G19f3HF5GLlSuGOl1M4FRNCtdS2dCIi+pXKbFbmz3KrJRq8QAZKRUsBZpRuYdNKEjliGLxGgV1Dyye4LdwqsqvEpQ4IKqagke4nKMtRimzMAbWDdGBtuZVXcAqdTAiLUCzE0e4cS1xAxDMHd+oEWWCcFM+o3m7PEASclxhrMtPcfUzJvqBbcpqcSxXlaLNwTAi4i5jEtuWzzBerKHSGGYl+o4teYbmO+ZiYGY8PcUBX+44CH6jYwsVNAFlhIbODqMclzCix3XMDvTCmEpCO5hU/qAojqvUSgbWX3LDYcxj0QuoDqsdxhBQQtSgOYN5oaO5jYUYrvKsGXLmlV4KazHcVBohK4ZWDc1Fm/DrwsU6gKfWzAypdYtgxWMXeB4gVyVb6jd/BEWZmFDPCumxZ9RqYLg6m6A5iLJglvUnmZKZaVAcXEDgguSDByUcjNunrUphzwRFUPcJnEo4berlxoTbaGUGxQSm7IJDUAckqBA4vEM7VvO4N0xJkHfUB3lX+5ZQQU3K8wxQsFwal03cuXnfEtVeZVCCVULxKCz7Q8kCjyRyP1BaMcw0V1xDQYZWcMO+ZnA1ApzBvWmCRWJVmJoXAF5gA1zKctRcjDAQXcDPqawQWysTJAiKjzA8Yw1DFxXhKS2qT9zAG1qOGnB/qYk/U2alXdHO5cYtQfQjUJhAJOiIk5rw3ZgmfRSxWU4mBcupCZg5AKps4nDJ9zIXBXU4lGsmKihu33FG/ETbmoAcfU2hKjEzLyUViXVXU5hNIqUVmWD6HuGi83mdxivEZNThZFgOkFFoaJcvYTSpaFBiX8QEn0xZqo2twFCy5cYuGMWNy469SxaC/cINkcrwwL2IqpWxe4OU44gm4iWuWvs4jGSWWjfxGzMDYiAK3EtcyzG0a39ypX1EF5lydTGBavuIQTYf8AUBXaqB2qv7lsMtk6jjGpaPEpTY1iMqyCxZlHJqyBHIOoJC7zAkrJEFoalCr9TCjChuVNy1plNrZGpbcYK1ABQR4i7ynEcLqHZEqApV0xCaIrPqWq45SoLbC4XUcHkm04mAuZiQqq4tEpptKEvMpSXtcMYaggZhuqhx5DBaeJ+DYMPrwZ+ob5kPpMIPEtF/cyFlzALs8KGUUkyqYCrmBCYw68JBDKVNUjVBlm4FxEoOZcA01ADWqsN2HQDi1lbHSqVzG9aWc8QhZW0cQim7zDx6gFxmIYRavbcFoMG8kQ3XhDlV+paV/UqA4gVt84lWccC8S+y3Fx0a9y2BalAfcwwwrLxCKN9oOWhxCWXuCQ1iiDauzBvXg1Lh4GpcF68RSGPhURYYxkl5ZiyOsOYKKAMRAsvL1Mlbh4RUNHEK0wG/cJnIWJMluGY34lM1eZVeJEepUCMtIxR3cpADVxUynmi4eqWFO5VazLk7/kIjQISuILjmVwRoUzGgxG75gqYOoLYhvhLDKcj3DWt0YzOoLUPKj8RVXxHRXbUYBWozgOXExvAFIAQuQBEZsJuDpDMKr8/cPJ93Lia7id4nuWKh/crAdxIhKmBG1KwpDV9MVr6jcYAsIW3K9iB7R1OY6iykHwIjuVqCyjMVj9TICL8o3JirfRD7g6pgkIuWIcICDhJcsdwVW3UCn7mppMmWGZZ9ncSi+dRHcyggEU9y5ICDqGOncvhV3ca2K46RWIJOtcoaULZW5bAaWmGAtdupmLw7hYIDqyqQ1zUQA47gULjZFShlrNRGxAzmqmShlrudkZG03K2LWFTIHZLblVlHhOGZERriymW3a4hocPMJpf8TGPPudMiXFLhJS3DCy2nuZktG9z3DBKXLgnkjaWxYstNR2zgjGLCiwHDtlFtnntLgyki8PUvcnuBA0a5YIuwJxpyY7bosiZjsg4ldpmWPEFxUxgepkREYFeCGC7mcOIxfKH9S3ctpf37ixNE3/aWVeVTOp1mOqqGbzCb1D7aWbcZRBURfe5dSKPCqlF2p2S82plupAi4cOi6KhlyNx3nUvctyicCk3Is5ggFYxKKWW1LKv6iaVxGQ7hABmNLOkaslxVqKxEphhTc03fhEOGFsumUIaqDiXklDLAbGiceDicSwyyoOGVbRRQAvkYpUgAIrMA7CoVU25vqCGtVcGZIg9RnZzDuOfDiJi4lzDMRz+6PVKXTCcFirizHmDqJYZa9Es5B0SgCNtBLwWLqVp++ILfgR6HB11AObdEFp6l3A8eDXDnEpHEcQJ2yxBadB7ld23FopuHqyC01aowZYj7g5jaM6w29QrbOagKUpimBWp30mUC2RjuZMXouCrWLPDFeMOo14lVCD0ZknXjUndygH9S1a96gUOSXCXDwa8LmMdRVmL5BRYKMufTV8xNqt3CmoevSXuo3KKXuDyalQwe5Sp7ZvGqzEQEupcxbf0h4W4HUcczFmX4l61MwB9xnF6EwBhAeyBEaFhx7BMNg3iJYDOpip2IMNJ/Etbqfevcx8nbqCg9sq/D/qFKa1Hwsfvi7o/ENW0XmZWComDmRUeM2XQ5i9O9Q+PMkviF4loQHljWGO7i5wVjMJSuuWJV1iGBY5a9VG7xxFQVNMEwYw2ag+6ZdGZQfiOJcAu0YVPMNkyzA5hZxHB4gqX6ihKireoYqBpViSBxSqL6INY5j4FnPETvtxAje73ErVcVLA+qcTe+o66j+KZS+YqQ+V8opFWAs0iBTlouCJxj6dzrVCKTUSoyYiDCvqHfAQTbiDudDRctdzdf3Myu4VqLHuCewxFEgAYbSA2xvQwpdtDBHNhmZcCI9lZSnNL4lzpqZcjs+u5eXKXJDtFTUIXcVAAYlLqLHAV9RgGVR/3GppF6ii1DLsxEA0l13EYoIS5cGXLjOYq8BzHSy4xZ+Jnu7j6uXwxdfqXPUzapgEOYVhUy2AFxQG5mL7uINYrDMMw1MWLNxcw6gxKCgESXku6j+yCxNFpSCK05XBtsh7gYIfoYRllyRkFvCRqXYamig4GFgvZV6jIAxRdE+ydyqjARO9TMWbniIzS6pMWsdPcTFlVr1AOZUoRut3N6lkIw5Npd1Qi4QxbsNmQZEliPhRFqqD3DCRNXMAGRAF7XudHLEAMayPcUqfqJ57yeEIWbEarmH8w47iRAZMqZs4LuPS9MLHAG6XAaBtY3NYkpXiYCayxIIWAOrlgB+ohRCYYco/Mf7qMbIai86jCcS5ANrAa1NiVio6Z1lR1cVblAGDAUzuZWNM5hqXvuFiXmBaksf7/3AC69wgFM8RaqWQVpMSziyWdVReCqiaDfTEXX0yyQ4pRQJlRCDFssCUMFXX5mh/qXcasUTUzczjB7jmqU3Epk4R6liyiE45lW932EMIXjSRVdw1IQ7nWy0UpW178LFY+4QQai8D/couhA3LTowfAy4OYxKiuKOIrqiPmswtULIqywsrXv1AVHfuFFvdyrJ6RBEv2HMp0tGpg/MXIaDjmYnyLjADiXz3ErLmUzzZHGHMfUQRm5nOKAliMfY/8A6j7j2dXxHetxAFYM08xUAeBqG2IqcIlhzHVK5iqQQJSdxYxsEsFynuAa5ggPN2kCs5OJxKmHUrtLcyzAg4Y5jDhLK9Ylm13nMTMO35hht6Q2wOCXKuTPWI86mnBWfFHKArQSZc27hlE6WBSsR2nKC2gwPTmKI/FNlSXGDco+mrgdFDK/9SiwGG5db7G1lHIVTTxBs6VlBeYnuMgWdsM5b2wah5tuCbn8swYvu4+K2U6LZXarleOobPILr3CK2CCO0Qdm5jG4KRpqDfqFkw/58Ru1e/cTFXzAaQtJpKlBkhq5eq/xMCoJ6HcyRTs/1MuETZ3LjVaLmzqe2ZpknKBaO5+5lcHUC5CRgEuARAnFhD2zsQGQxs4aiqzcUVf7/mAnZ9wExkgt6lpMTiDPgURg3I0nENuJQqJf3CkrjM7XgG6jg1mYcRpRw8QD8jR1BuXCC+B+4uIosXESO/UczUuaMDP7iCi9o3Ks8RPWE5ZRwSi4dw3yQpp06zFMIsbl2cEsJrWXhjvQqiNhrpRDWx2icBruW3Wr5ZtaU/cBVJ9xVsWVGEZfmK9S4rfX9xW2rZmqbBFupQC4jHDWI2VjXDic8dSsQftA42vHUMUC6hR0VExCRfOoWzBa6SUXpcR3iHMpRpm6Aar3Bq/R1MKsQmXFfDBMwcypfsMBVpjPGoHMekQ3ED3G0SxMSGVFdzXMdOYxCFbNEwn8ROt9vPqZlQwOMe4dY0PUyb7j11zL2xpXNSuaX3EwofUrLL6uO1gyXqHDk9xZtVvmDkuKrXuQKc3C81gimk3mIns9RvGv3FysQu4BYGCQYZ/Mz+xDTAHF17hLxCZzc3pmGhBqYW8dRlxeeeoTu9Gcj3DGtT0eob0q+pVdF/lBCnQw/cLPcsyhTzEK5S4lb9so6gOFi4/xLCYrTHSyGsR5mY1DFJWoNrOIXeZhpduGpxAsmWYCf9S1ZmWoTVckpAaYsB6RBAcbMTd3LmW+Abihlmeo3GZpzOZz59xxRcRik4qVHyjfT3E1YeyXZv5lJSlVHV23y9xcQN/cVWPuCwW/74zO6wQVqaE43UJOTfcIpLPqXnAOMugWVRzLlauOUVKGrJU0H/qPabVkpnStd1AdGLcYr3qLBK8MzmEJQ8D5iYPYTmBavxMFTSuob5zGAXmorItR0aTwJaQYnDEpAqDAUMVKYMJdP1FBkBVsbHZv1HbcXpt8KtsuCRviU5iIxLoajjqBHHcTEOu19OE4TiVgDlwc+gKhDRri4DbYJoM/rj9RloaQNS3gGjfEKHNPuNSAuSLBOUjTgQNeWl5eIaVd7l3KniHSyQQr6gYiDT7lyL+5jECObGPVsFcNMzFshArMvSLycHaWsTSo4bGCF4UFxNjcxaEXTJ8D2ZycmnqOc5lkpo2Q2NWtjFIY1qjAb6I0LS31A0RFW4nCmMCDfRBrAsHuOyK7YGiUd3HrIWyIHwEteWY6qI8w23piWNBH6idaisEYCZoNCSshHnUuioYxxdDYmrrmLMNkolDqdEwYoGz+5tnMd+GP3HUyjFiNX4qMfG/KhkqUuZlvUBkuXywXNBLWo8hAMI1ThbmQIwu6IoVmJnQxy3Gi9JE3cPklgVzLSPDD8ywamaIJtUVo0xUsnCGC5W8y1Ki54f7QMsNCWWVnuZOya8JsYMyi6Kmy4dT8SBYm+YkC2O8kDdYpzEUQF8VqZy3OyGFLOJxiyhpbFsoahpgZqBpidspUKlSihUpNQLFxKII4WSwYagtEKINXEcoUDD6qBHlyS3In6YhMJDUWGw88LCCpVHYcf1L/ACEHjllPFz0VEIpQl1jwtFS7+W19MWnXAWdnRzibEqNsyyVGagL9OxC1zOTLwMYjodJi8w0mBVc0ABYNFcZceA95kw9wS7zLGsRCjBmwP4gBK5i2ykWsMvEr4gRCT4KX7TVGfolKM+5WOIAo4QopyE9oYZdR1CI4dozBTVbyRCUUmKm1R3Z4cAqCGA9wx1xLRu8y5f8AcDGSoNyQU3gU5zMdRjxcBb7qEuGfFXFLxaixmhjMxlR+A1CXCuJwK2vUZQSkFytCPyVNuZh5OJdRCBRcr0iqnqOXjXqWDEq5qov5uaCvU76PwEM2aa/EIBiimDdEKrEyYlWVzM1sh2JZOtYlHiCUxibusagOIu2/EDhhLmhVRB9Tm48Buvuc4jyYhCtjiXpxkh7CWSmAuWloUPc1+QalUrMSFgohwrJAEgBFhqXqMwE1MG0T1yrocSxqVj1DKuukatoIVmd5ltGnSsSqziXZFJ7hdYihCjRykQQ4SxbKyvcXRhggQbAzEXYVcrEXg2e4hU1ZlL/+wR9ZpmDnh3LUtT2cTnthh7jVojbpmU7MUS9w4IOo1+owoezA7hVDwqVcz1CrrxBWKgLySjiWBc2IFxpDhzjiPeLlFYlXfTL06oiipEpmSi/qIqIwsDM7jjetS7Vy3CczrMCFY1HYhgpAdgIOaNGxKQU8RUSIJkq6lFHcESOnM+6Nw8EvxvFMxWxjH+A8X4jUyyj1LTqCm4S9MBUyiX3rUpWCCmxqO4WhZM2VtoJvZCdFDGKBSG4VZ/QepRw1uHxBWcrEyU23AiIs1GQa1KAVmVug9C1ggUfqUbOYBMErylQEshAcIw5kgpVLMpmqXt/MAZmAhodzFWBxEm/cGZFdimHuql0VBtKCcT0QzITE1LTcJ/EujZ6i0pWOqqWHGI3LMRllbI1GwyjuV2V4pnAdRxODiNuEM1BWwiJF+mYNoHTAAZLxEZDDI8TCMJ6Jf1/SyhBmoePy69ZgpcBEXUCcZlrDAyXDJC0z35gqu5fzFV2lyYQcBtAm7IGvZGdKlzF2wGxlhqD1xFjMpW8yt5gh/qfioLAYqAaiUxFNnEB1BRLKMC/Ziqck8ptlomtMckAH+50MyINz8zMYWowK7gKNJl49NTPu5dRD3jG0N2EgIgIbZpLlmXqYI8l9YmLRG8wZmKwYPkZmwVHcq4wkFfLny+HT9zMckUqLYLs6jRy9PtQly3EhIKw3UTJpMLAgkBKisLLoqLtS63UVDqCGwCo6gPyqYiZ/iVhlYcsyoxk4g3jUAsQ27xKsoJSxtFgUvqDZi4XEWEHBBajZoxhKaahqnPiVLCwXDK1LSA1AgSleJVHSVDDKJSDVgjnIn4jCSu3B9w04EBMPG1UOYIaROsQA64g2u13uEwdxn0SvNGUogSzQKleWC1yGo9T0uJU1uUqVmMh3aKEV0rmmC2HD6irIcLqJ5DsZiRDkjlhhdRLalYhbOtoJ0I76o93TpME9yjR6iUrjY9TPuGKpOkiAXnSUMS4Vln3EZ5DEs3uFQZaswldIYFZ5ZS6YCkCUgqFjYeIBYkX0mWBWpcD7RF85s6uVkswRYnKU3PZBhzO4phkcDRLCROSIBsLiUJmnbUqU2xK3mFvMDHhpGE+AwvUITmD4NxpknZ8DNwo/cz3pzFg4nD5ZUfD4WIgdtMcwgw3vZg0/OipZT1GlpmKxeXg6iexJz+I7HcEpcxJ1mZTZQBG9RG8w5LilOJUdvNr1DGA7kxSFyRfMXcXFa58Wwg0zGsyXPErKZmKlNniVHlFgUu4UJNUR0K/cMC9wuUS5xAj/APsp10WSzK1MSEWvMOI1ZYYQ206JWz3CFxyahLbzR6RXZ4mXqml54liEaf3ElOVwRYVfFX/czBxO221wTNR745q9I6oowHmZQe44ipS5uqWh3Gqo7PRVxt9CoXBFsMMjWumGjqKbl7ASoUkNhvnpEZFvBiZ0QAhq8Rzv3NFS94hY5iOVPMCuax+E6HC5dCmosTBFmWBAqsRStU3ojfNnuO00VB4kSIKkpXa4aRcDUoN1MMxcoS5rrxAvslAbeb4hmYFWbjXeZ6Df3BfqFw84LD6iPG4jkPpmbVFvqD4A7Jt/1KoipIGhuGIdJbu1DcyjioFKRuXCpGCQpg8JI0wOIeCE3m8S2HUqZk28DR8N73HXh14f9zTfcJ4cYiqmuw7hFfFSwcmhh1LCAHJLIMS1XZyWmBWW9TFXKr0j30bHtli9BpN7RF/cqWdR31LZl1EB6jwF4PqFdGHScyhVK45mQmIR6CLFKLXNUneSBmx9ykBDfuoZMUwrYHMoXMzALc0i9R6Yjlgg1Zw9ksZFQomzKULbcrK4pAy5iXeU8CXEflQf+pjOTcSh+pQ+kRYOSMwH3DEcVYPcuuwYmOXfbLiQD0ohwzgs1uCNZ9QMMC+w6llo4B0T8k2jVumB92uolFFyjCwU1zGfioNRd9BCws+0IVWpZQjSCFWblhRHVsKkoL23ABdYhDEHOMEX/wDscF0yqAh7imozG8FrqG31HUDDNHiEZxQiFVmTUHlhUO7vLN4bI9IGI0TuzK/0XBUqwJwIUAVU5cXA7jbLbl8IFNkryTEhvz5EIVS29ymjAXtCzNErMfAGSYoTOz8kVD3hjXg1AgeLuVC14FmIEQd+D4cxjGMZxUd0xCrC0yl1QsQF6Hh0wmYiaOZe4vuVoFejqKh5iFVVjMQa3AMAMEUzZg9xwdr7WajQqvleZQu24uNsFwCLJtHaGb3byTHp2PqVUw9zHFxDLa4j339ItMzAWqXBBQG8ymQWzUCiWLrEuQvMtBmNWB9wh9IyrNxnFgk9R2QtWbgdDDAUeIoJn7jQt0lRVOjBa7x6gun9S9FGf9TAEz7lnq4HIgccu4wcWpyX1tzHQPAf6iMUP0R2zWV1HXazmMLpLxFWw7TYRRVwLcY9QHIg2syqLNO0ruEBgfucLhmxCFZRpiXJmJwITqz/AESlikUTpIo7XM6FqYDUxFGZ0szM1MrEcuSK1DSYlAaLwwFV3czajjYS8QMoCC4MWwusS1sqI+JQ2TAHMevuWZ8xVS0FhLaTX3Ub+IbAwSstlwt5UoSli7gVVF5vqW+NqzmEg32TGYgrSQFKLubjCIXVsvYyhxWUyEeDMN+Ksz2lXKgUXiEyWiAMwN1MBCBAhfh3c2hu5hqOotamSZmtQ815YxqPhxmYFkG5a2ac7jp1elYbiqiqAcCrdRaTBmJdoVxqN1Uxx0s1DqESpNA4lbV+UekBVQKtajlbdC+JbmoAU9xYjTFNwdGWoQOZXQ2NkDVIAlshWODHv1CDUtg3A64TMlQBHECpcEQS8TacRFaDlYpduSSl5QcoK64gVA3dQHiBspByS4QzSygAfRB0W1SHZ8H2dxprasrphxcrSOmLhDt9G2WJvZKjfcxWVdT6iUKmsZlxfYIQtQ5I2Tqd2WTcA0iksg4JbeNSsE2MTqBl0ZzMc5IKFxyoECyZdMdLtCz1KCjctVj8RDFRzcoqNQ5xE3tCCAAxATLLlgGydQlDd2xc0LNXUepHQqEojThLAdMK/EG2WPOoG00ymSZUEwxESWaIiI0oiPthoVPalom6FX1NbTqAHUgIBcEHiChWEm73BzbMumGla3LRye4f9iAYSyt5IAYBv9+No+QSEVDEYisViWq1V7lbeoQ+HOVbKLRz4ecSxlKIeCXGPhfD4WXC0zkZmSPaFDsMPUZPWG69yzGTsYpqEwWzPEpNbIzOnt0Sr0RuogEgjiKWpeXMYguIUWWFgXbB1CAKdoGN3c9ZcdH9OZY600rmClVf3BBVYgUaL6MUfTUdu5aExsTkhyirGC0T2+/qFB+ZOCIAvaMc0SA7NOuYSGtjrT7mlqklMzSdJhKL9yqsai4K+5TiQEY6Oh+CVFfqA4viAcryhiVYzxFQOggpXuIYslaDF6j1Kjo4DNaPfg1Ds27hzCzKViU4dPksp9Qoqbj0VzCccz3yjMfCJKUYIoQFIBQVBqOTEHH6QbiwwuXGluLQtH3OhGeiMssOpULoxFtTKCZ57cRewvjUxEUNwKMYG5griYMCmCBs0m33MjSwXGs2zHCdcS/BuC1AXqXZE9RV9kVypZgICxixUFq4RCVae5aBolCsRbqavDFnEMYaIuPBlp0uXcrcNJigv3MA6gu3cpUGYkMwZqEwGi3iJXZmbX1xAv8AMCEC/OTKzUDARKjpiW+LcIZmvgtR3Xhj4KN9SvRuyVIdnMMKO8y5nYa7llQDHa7gryjeCUgMJKk3ySwfcP2GYg2Es0YcWQT1EUUiNxicWCGJUC7YZV0L+5mNL9C8RwsbwPUMCjU6NdytFzdRiO6j7kaWJyQ+CWK7mt1+CP8AnHQT3iD2wHmBwRVUhAGPzLcmEj1M1XnVaOpWWJBmDEGYPxFTVRvKYREY3PH9wjrkqn9xzuJ4MjZEpwd+hshaOfClGUh6ItfUFUdRWV4xGT3KGdc9x0/UFkCio03mFm4FMEdI7m1uoHeCZdtSIRXMVZWYiAEsOGJbXH7/ABBprERipzT+5dtrolQDDES4VUumM/VahAuahbGqYvmUegxU9cS1hsdMIo4gsp1xHNtUQMAD3LgxvuAu0xqKvptMokvs/kzGm31BN5SyIG+kdV0zI/1AxZRZ8q6uKE15pYXLPAIVLuYl7m9kVmdEAcwVRBslllU1/cIZIZUx3Etg+pejuVVhxhfGTwGGvIV43ndKjHEuXPuNDRuGoS4F+GMde/LNEcbmMXDqPnuE047pI6bZul3BLClAx4AqNEBbu2IFDJEJYqGI0pE5G4qi7amOm+YjSgS4tDj/APKXQnEwDbbGFR3wqS9lfmZJ3xKJ0K/ENBwdoyUl6CUXiFTrMFbd7fjiULGnUoVxNMG9RgkL7uIHWF+kRFpTdV4rEyXcss6mV3BQTVQCxKAJdptP2xIajUuFSoqq3v7xmBZsY1XYrr3BPECdYyl5IVF1HF86JY28rcI3t7mGPAltStwAgOGyIOdbh4ajGqXAh1o9QTXAllpcvmKgdy2O4CGKVNVTGVZqaIJ5Zi4Z1cBH3qA2MDXcG2+YUmWICNVmDNEqGuO+zE1IW6GpkRcwehgikpmCENe4lP6IC2r1LWviG4KX2hJ/qWmmWDpWpcweEyrqFzXjzxshczMs4jz8Qq4vKdKi4MzhG2YTvEEuZiFNoEFbMwlr7CK7us9NeBUE8X5Lc0x3UZUG9yoLVw0iGoMvMMcy4sr34qVjwMVHNx0VLGt9McMSsr9vcRcYNJRWt7dTAUpzChQR5hA2oepYW7iIalgtwx3CwYwGCekSzQ0O/c1OW7hC2qlQkKIE1WI7s/MC4qzuZjWAbBgE9abYK17kzMAGNnH/ALS1ju3cRZRl6Jc2vuIWJYnULFuBeJS1lSMq0BV9zaBSrzMypnjiIV9w3uNSqMXKqFV2zDK3hlUToBHuRAEXiuZZndQOW5B2zNG1g3+JS6gSw5lRTcKvbcyXijqIBUMYhlMUwrncaqIBDdYIj6MQaRlacRsGY7ShkzMcdRIEWm40I6tqW4rtMkLjdo2zFlp8QkbPBCRdfDzBQQpojoCmcCmjzFZhiijcAogtjgMjmG8bqWJjct2nEVtEwXFnUuxH1AAcEKPSPMiABy9wdEYIrywquYJQ/cXmYAotdwCZyUEOZSHTESXEcbtzCkswMYEUSoCNNI16mCuqievCngEIQ+BaH3BsubsGmZdfk8G7wMuDFjrx/wDHhj4MYZRxCReZdO0YOc3KBleiOrF20hGlx2QFlZmwdRLtvgCbHEYxUN22ZAz1BT/pO6IJngIHOazmoxeZkTUouyILWoSBYjT7jkhtXmIs9MQSmUAoVDiVXcG/kxA8KOOYixbAyTuC5IKuDMrpS4HBSd8weQgZWOs57lAJyOZQwq4AC6bnoIEAMlMGk2AAn1Kv2j4MevcqBC2u8RWOY8NYpkZZwyg3C6ZSpct4YuLjtjlNorMKUN7eofSm19QUF3eWDKU03AYBWVywItkxUGnkVcB2F7icDjuVOc8xmlteon0lKDxDFSXpWovqPcY0vtLqHGI5yDK2cRF8h1AVNAyQL8YoszUENi8jL1ZeyDOqoldRdDfqIVcAFfrDYUJuJ0lpxmJrg+oXY9wWnojcXUBb/wBSgodwc5iKVKiV2qO+0y94mFNTYMwWWO/1KPAQPBDxXg0wPG5RKfmG2WJ7Zs8Hippjx8WOfCZjGVEj0xaCOt+Y5DhO2Ux6hEoOQ5lvDulbGajF0wLuJYyxGmGpaN4iiTUoErXVpNy2yDkttQJabdJcEt/7Ev7dEGSlGrmDUaGruKwxclxe4qbZDBJ3PznwsXM7hiY/q230zI4ypaeNo9xQMveNEG/PAmY8219xHKMEv3DygljUJ9pm+iVKoloW8T/bAhzDaor+o5vpj1e4MCSySDmZ4YXMftAoMBQhS/BLiW43DTjxia3JN1LHIkeib/daielGNR8N5IJXd5jZVtWFQcxMDBDc/qRQcELdV7j2yolIv3HGCL9yiDUp3AxgM3HbiGGTtfcPYb6S4+4oaXZqVv8AhNZScnmZfukGsD1FPsUC5ti+IS0Y0XMvl6lFVmMr2Y6tsI1W2TMyl0Q7uKkaZgnOmSiNj+ILbbmS9EuOzMmCCB4IZnMuo5hcw1dR6TBjAw0rflOJr4PnU3KieOUPB1LpGBqHcSrPtLpGWPqIPIaWBprubZcvqGYLjCTJ8Le/cwQFTmIIbNlQ0BqBWxpOYjZUNMrHsLuOXQA4moL2Qp3+pcsNPUpzS9QRpwolhs7Qw/Uov/bSH3kKlSw1xBygEYwZrEwIovfUzAF7ZdxMOBbRhfiYERuODEbWFtkZ0NREjClZtXcalJNMKbfTuMVBJjZKKdsuq4zEVvuJFakqibR5l4lXEAIrslEumUXGfqLdedBLUiY6Ztmu4XvB+4lvG5YauDdFepcuZ5glAVC1TLUuI6yuL5R5TBNI37E0kth3Dz+ZcUXiPRczh0RsDe4ChYgVnL3HtYAymwzMKCFwl7hu3shImSBR/cEXwt1LhYSKDAityMEFMwAw3culdRoVL4lRrDzJgE/CYFi8w3B3DA8HgCoZ3K8amoat7lmHqDubeG8vDvxXgJXl8PhjGOocyWjNV6hdgQPoy/xlf3FXAewZbT63LBiJ+IdCr+yBSUFVctAr6gFazHoVc4aiK9f6S2RliqwuOmcq4uFs/WlXa5VoNRRqjMC4PbyQEU8D7ghZaz9woOiQVC76JWQJVdtwCdC2g4mxNw0Bf3Es22YltWH4YJKq3UbDeZfpLF9QBNFX5lojgIaIIhpLStGBFNSpgDiBqEx2ajmzkiLIXBmyG/tIlwyo6dwU3Mo4dMGCsdxtrrmKUlOoGkVIwJbs6RNWflEcMrwzCqFA9kNQL3MqdyxmHpHIFC8S4DbEKsHqDtzKNu5lqZz6yziCALqVojcocRCDUAKMYgaJcsqJ+goRLkRnAHRCrVz3GFlrNQS4rUP1CbgouXvE5xcRywBqQKt7g3ZA7auZrqZKtwGWHtNoxKC4xbMe4szmK0WsMNceBvweCpfkZmz/AHGgDYw58ExODxXzY+Hz9+CSolws3DBTcS+7Fy3Wk/1GVVcp6m7JNlxEFVuUAGNIJhSV2qfjMAVwlu/EtS8MUFFyikUHUztrK2soxU2VBiAbcMslKBgJ0qoHSy0dz/U2BMEyWalCwzCyncbH3Mql7JlxSTIxxKXvUx3At9S95lgsNy1pItaxMePCKoGJm6mUIYYfuWrCXiMZTOSMHcfXjP3HKJiVA01CWQrAIwus/cVituo6XqV4WwABQWvdcR+zH9EFN8xOOSwAR/8AKiahcupmqwx6QFYU2StW8ZVXCzC+iWJiImoZ5xLU5zMFDlbMIx2lyqYYZiZrzNgxcPDbLtdtS6IjeYlpDJ0MVK9RcMYGY3wiy6ZaiMLi2HqN3UaGSKlxQTBHLUvIRfmU+7PqelPEYjwMS73CjUUpUvkzCDCcy6m0vNR1BjUuijAxUOxmDOOY6r++o834v5uYnmvDHwkSiXvTLsQqIMS05qvuFrJvZ3GxtmRyLxMFXEdRA+er4lWSj8zFiVFkRdVBXJA4JlsIi6gBsIrmLYQWRcx1FAl9DVFLTae5gwEpcLGYlk2jEBKcwlglJhUTwv7gfREVTaWeJwaTNsg9MQ0xK1thP3xNxiDNDAAyuTsxBRRkjVXccil7Pp6YrlSynUYUWE6mcuZEyVolpW8QhpzLNGcEG0wWO3qJaHgomFQU3xANXS/qb2QTRrJKKOpk0FzLeEN/tmRbmWc5hs1FeJtFmieYALKYdK1KpTJHNrRMEMy0+e3MAqYfURKMx7d1mfYWUB1N9Ygto0lSwxAycoY8wVeYLlG7QhmXoGyXo9TG9patE0mpzzcFbCDaUzxE0bJUBzzLwcRRXhmuNSoHk8WXKlhDbUpuYy7uKZeHfyvxUfLrw5lRIkSKQ59zJ9wlLleIwdEs6TY6mTcBlarZDF5MMoTCzLHKWQ4VMWqg7hPEpwMXCpo3LSmJoIznxNHEoyQkc2YAycwuTWtxcbEatVcwiBkhXEW6alHDFjZK75J3wLFZNQytrESockAUCruNVCy464p9xlTqLR2DA5gqJWTcSrhpZhVmdIKVNrHiYW3Avqy9QaBaqz3iAqoLqXUOCLz4H+o6AwFhiBN/1CNlmeoiJksi8BnLCXOa+pUEJWAJhBLNzANS1jZNZirqbmHJGpaP7l7PECs7cXM5y/1M9XctW5g1E2+pW65xUoK3a4gz1LXTL7dShuGbnEc6pYZMwl6lyYoTxEaQ5RuADtcSi3TCqmoBV/COFDKVw9vJQD4kvUq5uJcuuOQRbirH34d+D5sfKSojGJE8KQLTENy0EcksgzUufkycPEoT3p7j7g2t08RpMaY4eFMTqBIzajfiZGZ4lWExdTmoqDnWSYOYnUbmKuYFSnWpmYI5sli+JkRby+LY1mHg/SNWoz1jRzAjudyOCYzlpeYUqTiooDFXg1B5g2l4Epl53HJG9AzK11Fdie/MpdRcO2GqYbH0PumXWbr+40bVpEa1Dv2Yl1KC5rTuCmM1AYjlc6DMMaWBtFGkIAAzLBpUZFOJXlM4EwVEXlLviImtsObtzj2mSZyt4ojPuwxWiDFYsdyI0S1UoFczQRAuhHzblAC+Lj0ODErVZjWaXcVXcCuZdcwBoiuY1vDY0cwlmIQXClwCkt9wY5MTnlTAWOIEqBDiG2VVZ9wtPHEC5rxbx45huJwj1GCNxz/OxiRIkSXKWZzqOnNJKo22PUY3OY5Iy5kWSxtnSWOpjgqLmAq4i5ihK2ylVQYxziOGCcKQBhefSfSZjEwwRcL7jZnU00QPi+kOxFcEspCNeI1dTLiYxpxFiIBNbZbY1Esm930zBGxUI7N/DLyAMJMEPQlzhFFaY6ilQq4gK1Gz+Y7etf6GD/RKXUB1LQi9DuCNvUpatuYNOz/c239SgqUM8Ro4iOiOpTKANQ3yhkYxAJWJv5JSxQzBZeZWB251ER/BElKBLNXNwWxqt3KE44uMWpFhKyWUER7ZtMLQjxllIt4gtbM27zDzM3Egp9owHFMASuYsPsYB78wVVvXuUltbmpi2vzAtXKOJUB6gSoDcN+K+YNlk+5qX54lncUWFysysw36j/FXh+DEldRJUSJFRGsTmHc4hgasDXUHkVkRwy+oKKcblMk2ecdSpkiGKWmNWWkoTYiGMIwyQ5wuMxdRs6mWIdU+kJzjTFS0wWxCRpKIqgXJUSuGDB9qJTaQubjxcyLzMoX6DvMZgxiomxWCIXSO5fcMZWmDgQjowXAwjC93iCbLDP3KFaZV4gpHHcybWGSyPKLeDUZmoZmGcI3KUUma0w8w9Sw6oiJ2iANKm1T9wMOJmYsalC+4qyvUpRKHMwQpxcUQmpQGnCd1EgiwuJr+SVQ2x5hphmDlmIWfxGjpcudwtmo+GI3AxZG+oaLtxMFBslfxhRV7TLdq8wx8JNBKhiG5zCBmB4uKgQ8ngDFZlOYIjCrE+/BjCPi/gHwrwcxPCR8MYhzLgMPVzA9S5QIAdosn+4nNI8bjY8gkSHUeUSybV3K2phBKczKUjnDGGTGkJcoWhOEMPccqYzlGG5qCYLi8wXJoRzM3/AFDsNPLuLlmeIWWle2WVEXAmWhsORiAWq2Ira5zNkMRb4l0MVINXCQKBU6biAHJqvcACHKckVt9xFNag5lD1BMQSEV2IswXu4SR9cA3JNCuFMdqsF6mwwAGZCLDE5Mwh0cxAHK5iWmKquKgoGGDayuJnbnqKti7bKMc3iY5RuNSyhxEy+Ze5QKt+Koy0FxCy/UbFyYzKUW19zcxf5lmOV0kOkI0gQgQIErMqp1OIbJsxlbBsGHg3OJpmYZywmtR3IkSCMT5HxY+Kj4ZVxIkSC8NDLY7ikgg3yOZSqaZmC72QwHog3FhBUHjmDEI5SwiUwI2II+M8/GZzGMliFJyzWHn4p+hL8MQVR4i2VVzMDw1S9xQsyruBm2eSIE44e4BiGMNwZk9oBUTDKCdU3LOrqEB2lz8R8yuJAtpLCfuZbDBWx7lpwYuGscc+AN/NylXFUkbFS8RZVqMkBpY3niZRA9NzH13Ky51ca3xxKWdNEwA7ipLkISDTvAMcwRRblHCaHiNQYPMWwjCtfI7ggp5O4OEoGohWlwbtcQgtChiVWoRhBp+4whGGoENxYleCDNpYago6h9kVSzUoZUMSmMdR4huXD5czEYRjrwyokSCVsY9QqoYL5oqOiiOz9w6NnEGAwkEE/MdQxLlRJWJzBiBiN3UJEwZ9PimUCp28Ss+sMPGpjmcpCeYAtt11Km89SwuzMEukQ0vcaUmpWEIP6TDF1HDNOIPSWeLlxMwmKuPA7jVy+oNeuJ/cug9S0/FwdllGBxogJ+qhgSJ7Jna11EZnavET0RYazGq+4XNsq/8A1BrOIeBomRbxG5NzRq9I8JVqooLjSYiUs/6RAqzK/BGGchLvFzLrC/czY8IC0JUpyDDewOTKXcA7gDNPgtAhAXDqAtxGDxXk8GXcAo8ngi8jxUI6moOPBUxsiehzBcDcSJiZmbl+pcv41KlTXhJUSVEiRPBWqgL3shiSGgde4X9ukTkifYmf7f1HDUF3GxjHUtg5JxmG/U6IHg2LgY+QH0hjDz6RKjQlxUMYYwcJk8zJQuxma8XEtOaE1ABHuCsuSNcQmJctTFH58QLyZijuAylTjmXXjLAf9y4Z/MwM2D6hDLEp+EzsrV8+oxdTSJESjrcHWul7JTIMSiksp3DCBiAYCwJmFVLxH3EPoi2LywYByTJfMtBnEaJbgige5RliwF3cS2OIbEwcUhNsIgKmCFUm5WOx2u5VrmA8wjRviLCJmYhWoWh28mYEzZKzCMrqVKlSoY8nlNZcIEqIH3MjHJHph4uBeIYOjMOhf5jGHEqM/MvwQ8fj4VPr4OZUqVGYSqgt05JmwoP+gmYx+4tPAynyBY+peJzx8irIkJVkN+BhMPgMoVZSEEZRhCKvqEsKGZBu4BNfcGjMDfMqkJoZd0ybY2KjFcJSKYlsT3EDdxueCCIxnQjRdB7lCMK8lYhN3RTHWENfcKKXbO7BA6E2R6QShMYSlV3Zp79xCtxvtLfD2dRkNojJlheoNKmXBFMG0+41HMyC3KzJTzEh1AZbioq4bTXcUS8xGlljRuLNHO5iE/qNehiQY8IIoxZQ0otE/R4hgOqGgMRNQBEmfFeNyjKqM14oqJnEqahqYhqF+MRDUJcuUEttxBzDeZVRxcGiot1eIdTnqUX6iQTmomJXkh8qldfJJUTwkYLSKsTFMArFFjP3K5mEojq6r1CoS7KqMJEgRMxwmkrMITLMsPIEaC4ge431QfuBg2+4jhBf/tHUBfTHyOper9QlXNwKtq5deJYxMSxvJ+IZtajdeSHhA7CZY9WFkLAlV2VUJ94NBhHhFEspg4lpU20iBTK2P/Ubc7ysNV5GODAcwAgySvTWf6iwVwvitzI1EbZOZcrcCjd3MWdzQc3/AFGtKLR0QlX/AO00zUAbuA4f7QbJ1Et0l9xEpiUs9wKqKMOJmNqQgOeXqKGoXCBo3Co9MCiqgSqhB9TioESV4qVKhqMSP2eLlyplCnM+0MTUPcMZvE1eCV78BopUSm6gcpWIEL7jfEFJUDplHL5iYMwYiriJxElM1Bly/F/FJXlJUqJKiRImKJkKQE5Ijdn+CLMy0u1BiWRhIGYmbgWQKZUCFJUGdkSNXKG4FUIy5S1ggwvXTBkoruIFOTUYhSiIEwFQ/UejqzUzDRCuzUyI5hqZhLQGqlEWhzLqFKaYBZxe4eFaIage52ahlti0kCg1LGXUSlXmZtuG47A2sQLBpKiFLYuVx7IWPNyubcaBqGL3DGtpROe4BzLM2Ra9/Uw0iq+VIXF3SSzGUkHJdRNmKkyZgoFoI99EQ3QzFJ/cSi+eoInzzDOI6iVzrcE1DxP/AOkqvBbuBAlYlQ9zcVAxKh8EXklSvFwZeJqGZTK7gW1xDBCE1HNVFuyIOL8O5YmYq6gdxMMBwUXBnRUwRgPT4TqM583L+FeGJK+L4fDTfCsyq938OomyLgdiUj+5pGxHwKrUMIrqViBOJSlwJyAlipBRUz1Cqnhcbub4ga49W4URQhDbK9piX0WTFiglrsxg1GNxjUnEcwvsgtVal4hTeYwK9b6ikuLOZrApiCvaOsuYYalCxEozLy3LOZTgAjjayRWtLuUTZhnO4Yk52phQ6maB+0dDNgqn2gOM22sA9Mx6wj9puXH0zGZrmVo3AtsCdOoZipf3CdMBcOzslBMyZmwibRYcCJAhBKuEVAzDECjECVHxzGXMs15SVHwQmIEPDUx4J9TMIlkpbjW4pLcZ+oIc4iVD3GxZjczqU8gyhqohmTwgxPF0+SHmokTw/BJUqVKz36jKhrDiUA2KTjlKA7rcoXQsV5NTiVKlSokrHhAVqguPhjAtkYFNNYgBUKrEMmoLMwYxGFohYcxs78RC/MhDfUNOUpLQfmVgipiYyYC4lXHXOCDGAs5ib5zyyqahfAsxLdnELeoC0JMCt6iHmMVeYK2I7YwWuVGy4VLC2HQiQzRL6go6i5TkYUsx3VLgqO9/iZa7ZyEHwKmOoHWVCQcxlRE5JFIbITmKOmZluKqhXcIKaFOpQO+2H5eQCBKeoECV0xHmbZ+DK8DNyouJfg8u5Urjwa+Bq+oHm/DEBmLbiMrqUEf1DDmaQQqOCcJC4D1HRHwKqJcqJCXmXB+FSokZWLlRj5ZUfW+IDfJQ7S3WkEZnHtEIoEIJQ3KMF3MjEyrqBdZdvqFPqBmpTkiOIw1ArMzI2cFkoQ0HsKhFTJiZDsg/Zi2v6QrncYMmUCtIWWwLlAUjUviGQZTbuAL9wFSpC0uNDOonFm4JzIK7n+yQBtYX1H0/iWhTLaPEQq5RBMqzFF5iYooPcI4bzNt6kbi23C3O03J1LSjmKqusxhLRmBGPSCsIblwZUQLxKqBAhvx24lTmGvDOPA+CJiGOIb6nLOWcHwWOOZVbmpuGNyy6geAqbRhHn78IKWHeJxpi/cTy99SqffEI0wrzMm4RvAbgTDZGOiNHwLiSvA/w1EiSvD4YLE7hDDSOziUUdZmsILlioywYilywbmeJaxcoIMvS8MqWzepewbqLAbe5Qt3Uo4iXvUCteeJgF3Gn7gy5qcvYUJukB5U6hmCV1NgLbDdfczVn70pJUJoD5xM2jgDbolYbOZbL1ETlxKlDDuET+ZXKcjqsxOtB5jgsswjuCoGEz9SrHMAkt6iEDXUtpC2Opa3AE3eYqDgxEvbqIXkojdZHUU9PUCncSmete4zC1WTiDw6n7IQZQvAnhWWVHNISswxLj3OJUq5VQiZjiO4x8ajaG4RrmAF1GG/BDet8wwBBzHLcuXczBHbPqYPvwvh1HcrMFngLdcTLWmZ3XpAhmJmZ2PgxInm4MuX5qMYkqVKiSpV6mcwYPSUInY9yuME7l1zLl1cbeL1C+pR0QZhqJZcvLlxhhiWMAgcoZSlMSg+5bk1NCkvuHQotbhepTqEjS5vcBQtNhZneZsu9yiSOlzK1mBXSAOGFVEs6qpSXbDGVdGKloTVRQ0tQV1UXJBAHiGJ7i9hRJVrB1lEDXuBs7lXGEpmN12YOU1KWri4YKoJqELID3KXDYEl7gzFofpCXovEJsRhJBG0KQh4JUDMJR5uLiC3PXmvlUa9+DwA7iBgiQIEENZ5l+RGXW3GPmvqM3HcrmCaSb45lZYsuwxAznwPaJrUZRuVElZZT4HPm5flIxJXh8NdxtfuV2lsnj1A4hmVEqb8DcSzMQalyzMkaEs31KvSDnEsIuEXcILZ6lFahYV3KxrlzUsG3sWOw3M6XLN33FwlSzqXCLvUMFk90yiHMCr6DuF4iFdhbGxso1VrLMNvD2j0lD+U129L1B3KcE6k4ub7uDjxp1EUlYjSCVx1HxYAT7gmLkkxXqV15SGVUGzcApXXLLkzQEurRz3FoUMLxAsw6S+wYTTqENNRqzAlQIeCEICVGMWXB8Yhx4ZcS9ym4x14+oH343DXgldZhnOYNsCXxKrwD9zavh+I5jGfiZsxFpzqWfllSq1L1N1KJiJuJ+Y08LRlXMI48jL88+L8JNRiZmmYvxfoYH2SlfH6GALgsW9StzUX9Rai3ubQLmuZmmW2IA1gQNps3Zw3AidR6xLybjgDrdRDzeoN1Lq5ZZQOWWIFHTnKYi5hn3ic0o0yzzKt8RtlVEooiVlJhVWqNnKA9zTGo22QmgSU9xeob3m9xuUr9wuZzOtVNdalPXiy5TIsg8GoaADSvETsLGkiaiA7YkT9kxhXCpAyO7iK8ynifb4BAvXhUBleHUGLlYnEIPljcfC5fgxVbJzGcwlEbuOfFVuD7ncOJqKwGBRiABKuBT4PKWYjhjExAydQbZSKiNzmJnERZXPm83BGTMHBaiMxqtcxG0jSPtEqNPMSV5uDLl+WMqJHcryFZUEde4NEoseyGoNKP7lDFxdZhYuNmoG3Mq8jceiN4dQMLy9wcNwolRYLagYq5oMGcQZDZUIadi4dci8w2qasjJpc+k5UeTmCJfEG5h2T0ErFG8zOsMurNwWYeEgpxC3E3mcz48TOGUrxPXwYblRpCqRRepny+BlrHUMK2QJxPpKha/U4QgpqGIeN+AgeVlpnyxYdeBJUGoqcTLmVUMRepdz2RxuDmeoEYGZgykNVLgPHMqanEuX+oeESepr6g0+FyrziLxUH2R0ihlSvGErOIPBgmdanVUVfUTOY2jWJKiSvFy5cv4MqCVGVmoKUxGYoCeEy1MMVvcunuLz4KVuEGsqrRha9RGiYD/wBxwW1DDcC0m0n7UY7zKAoqKPG3wRkjL+oUMQMxs5lMeJSYcz18SsKynwBFXxDyQVlhV342JXqBAJSIqUiJWV8D3lJKlSwiQlbMVELWxzjxUqEqBiVA87mEH7iTcRuMTzR42y6mXHl8Cor1G3cKEXmGpvUPqBZAlxpRK+zxx4SywxMLMDPcALinc5lJf7lY4juHgW4iqviWjKSDiOSoXuw7mAcSwsiU4j6YjbwLPCdSqipqXLly5uV4SVKiZlRniLE/1AaG0OmWFbggjpibMRL9preI6KHicwmoCqJgCotkjE25ZbjH7lbWLUrGDRZqNh5c8x9SUNZ9oAVyO15814qEqVA8lZ8KgErMCJ1BCKgeoHqVErM/ECHhJU9vJQgHhbqVmB4x14rwHwGPBHwRLmpd8PhLlN+Lh/uGIp8ANypfcyygLrEDxWfU0f8AUH4ge4HgLADhn150eExGjOauJSN9Hiq/1KreWC1mBZ9x3ExL8qJq0PDxEv8Ac+klEbz1BcyqUSyPrGnEx4Yo8X4PLKj7RiTjf4ioU19GOGhySwcuIPZqbShLqO7gFZhapTmjLg5hZ4SrfqEB0tFR9WfUdbUwiNwpu3cuFa1wJS3jqokqVKxKlSpUqV9ypRKlSpUqB4EqBiVXgjKxAxKqE5hUonHh8XL9RLb8VDfwPJzDU34EjTqJNQyXR5qMq5UAh7iFx3G49kRi1y7snC5nyECAwvuVDHwxd7nvUo/MLMbmGWIOTcGPCEqblQ8YjUuX43K+FYiW4C4cMT4ZhMxtGUrRKuMVE8XLly/gkqC1W+5wyQvsjUb1Biu4oob1Kkzy11Cq9HEqMFabZSeyBwM/csPcolSoEqBA8hK5lSpUqVK8C0TMCJK8DwmIGIGYITKVfhUJcuOpw+LhOZXipzK8VK+GpUqW6lEqDx50iYhh8rLmKt3D0i5LMfmVEpIHg8BAhAh8VwV3HdS42V1NsVE+oaXhIkrxcMjE7ihNsZUf/sedxJWIRY/0gqBSUONRO4kYp1KTuMcxPBJU58f/AFTr7883+I19X99FpFTcaZOJeqJze4WarzmJp54hNL7I1NdXcDMfNSoEYEqVKgSoeRUrxUCVmVmV4BDww1OZzCD4KldSklwjAgx2TmE58VA8HTDU+tw/vyDwsfiXZMGDZLl59Rf+pzGLKEHQjeNeH6nDIQEPICoVfuF5uUuoKy/Cor/7qEr8yn0wx4qXHMSramwriYRcPHvqfeof1Ooy6n/U78MqHh14MypaS5QwQcpHNixE3qVnUVJhGsSVHJlSsxPiRtA2Nyx1mXzAIDlLfgVEWwWnUSFgKzMvTZr9RP3KlQJUqVWfASoETEDJ9QJUqJeJUqVAlSpUqBGK8molwgxAi+pXipVRLlVOIkJzDww8ESEdSs+A+BB4iQMy8HUowi41jXuNNFwVGS1NHhTUrXzArwQK8BmFmCqjGE3vHkJVxNRqsyoRa3zMjuZrI/1BjhjCH9x/uPi/KQ1nxcdRIYlcyvDoYrZmNzDG+K8CwpNZiKzPRHPGJXcTwTMqV8GAndhLEczbme3LKm9+KlQMysypXhXgEBvxTA+GEqVjxUDySupXuVGGY4qDDUMvwon0VHwxANRmteBx5CBncCV4qyVK+FwYubi+E6gCCQIZcRtg/BKlq1uJS/jAlVAxNS4RZlYgNwIVN+NR67h45hiXLpR34F/lBDUsy3EqCyNtX4qB5VEPfgxOZjxXhySniBErwLLb14Asw8xfEpd1D0IjxEdxt4VeDFpUrxWZXMxMd+BJUqVDDElSpWIEqVKlSpmVKlICSoTmB8SVKjBjmbTR4Y8Zucy4s58OZds5dfuVK/EzElLNEcRMR1puGpgy5cuXLly5cuKVGyLqoYcwruELwmUV0EJxuVbmGphNt8eLqblH5gVOJRXxqp+ZTMm5vcouV4c4li51ERjkqo4nEe+ZVIblvUNzCRKiffwdy+oMuczTEPgn7mpVF3Gz3L90w7rh1mCDIl1jTJG7OmJxEOInuKRMTDzHwVKlSvB8OfFeahTnxUqBK8nlUqVGB4UwPOMqECBiELcynxUqV8KplVOITmcV4uuI5CDhlru5SemXfjCOcZcQblSPMCOkUQF3CtuAIgMaRXQ4lu5SolBLqXL/ADBX1CVKPuCguiNXuM4rcM9+MVOowCG+iFvw4ubplb+FxDb+oFkJMCceRN5m5OPyzZOoRhqYEAjqOl6jqaXKDERuOGbgsTHG5svw4m9wBOlOhNWppCPjaPzNTn+AnPgjrwRpD5OoLDxzNIzZhDXkEqO/kKh1OIR8uYMWHwR15WLFiXFO49JlAr8wgkI6iwy1hnXEBFqLDPkVUJlBeWL6Ph+ZxKKYcRhHUHEqvH//xAAsEQACAgEEAQQCAgIDAQEAAAAAAQIRAxASITEgBBMwQUBRIjJQYBRSYSNw/9oACAECAQE/AP8ATn/py/0tf6Qv/wAZX+jX4or/AEWvFfl2Wh5Io92L+xST/wBAtDkjeke7EeWJLN+h5JSRuZbeqs3yQs1doUk/8rdDmke+rH6g99s96R7rHNs5OSiiuCqKKKKK1ooTaYsrPeX2KSfX+Deq+KzJlt0h2yijaV5V5V8DVn8lwiE64kKcZdF63/hZSUVZP1VPg9+chZJnuSHkbXIkUUJVoxfisXA3K7Fl45IyUjPkliyWjFk9yN/4JtJck/UpOkSySn2KJFeDLLL8Ey/CxfNetCbiZIb3bMTePgWVWbkX+dkyqBlyub0iRSKHo9VXjtGheFaX534PzoobYskkY8v/AGFki2XfRf5OXKo8Lsk23YyiLIyLGLShiTsWlFfgVpZbL861YkNfojNxRjy2uRST/Hy5NqHyx69ClRGZ3rYxLyYvhsUvgT0Zfk0LStOURyygyGeLXIpJ9fg2OVEslIlJy78qLojNilekkITLK8mzsXmlWl6X4VpVjVC+CihokirItx6I+o/7CzRYnfxWNm4b0fROVj82WKYsgmmbTbqxPRaNCXjQi/Bi1Q2hsTOPkaK1ojmlEj6lfZGcWrL83fjLok+R+bRRRQm0LKRyJm+IpLSvO/KtWLRsstsoS8WxPxsvxaNo1Q7+iHqJQ4MWT3F8eWVKtH5Pzb0Uj3GhZhZke6jen0J3o2Jl+NjYn4UbRKtb1b8EyzgbRaNyRv5N1ilyOaR7iN6fY0iUeLR6XLUq+Kc1FWyWRzkWJ6JWxpL4LKvkrTsaKLLFIWaheoPeT7PciKVlifwIoooa8G0Jossc6PcY8nI8hvNzo3N8F0JifJLllEnzZutF8GKoZF8LdIyTc3Qo0SlTE7+JsRetaNeKHpuojkYpimJrSxF8jZutketZPVstjs3MUrHy6YhlFcarlaNaMfLEWY+Z2Lr4M09kRy54Pcf2SdkJO6/CfhevB9ibojJm/g38We4LIN88H1yOS3EXq46MrSx8jdDaEhleCdCY3bEWL+xemDE5SF8HqnIZvS4HNPog/wCSY4qStD4dPzfwLV60LRF8Flik0xkaYqF0e2+zG78Ho3fA4s2sdjFHxqtELgn1YnY48lFl8Hpem/h9X/VErPvkSEYsnFElZJNF3rZfnRWqY3Y1pYvFMR9cEU07FwLon/UxcCLESG9GNnY1yI50WjO3rLlHQuSyUqMc1IwcRE/OTozZJSlT0jBSXJtp1oiE/pjScWV+jnyrgfhSoej8Eca3okMQiuCEvol0RbQpkS+BsZYxnRdi8Gx22NCGNo28C4LJci4PRt1ombvL1ONVuQyLFj3Iap0WRYpcCOPscLfA4NeF6vWitaKK1rwSEhFkO2NWiKEhKhvR6tDRHtsobExDER/9GyxbFyzJnT4iRdrksb09HfItUy/CcFNUzLhcZcCi0JGZU70iJ8CErNn6Gmh7X2PEvoaadPVD0rRrWxaPySEIoh2z6JcSIuxM+/BjZJOuCENqH0d9CRY5jm7sUhyJSYt0nRLElEjwtNpR6fD7avxXHi1Zk4kzdRke5ci7IkRIQmJkoqSMM/5bGTxqS4JPbwR5HFm1m1/rWTSVm53aItyGi+fHsjDjkqnQhCFyVyJmRfyMbplljLIyRY67HKK+zcmxRXZt0lJLoQyxMlGzBjilZONolGtObIY1dsjOLF8XqtqVnuWhsXYkRRt4G67N4pE5tIwusibJTjHszOOTImjHjiSx/oxcyoyOMVbJzT5E7Mz4I8kHtkN2Uz7LL0SoqkNfysQtFwb43RPKl0PLIWRp2yXqG1Rjzu+T3osc0uhs3DekUR/qhkkWcMmuCEIvG2+xEY2RSXQ2SG+dItkWQm0Rla+H1XLQ48lCQkREZ1STIXLsVRXBKe7scnGVo96eTsULIOiyTjB7ieRzZQzIrRji2zLDbyY5IpDSY8aPbHGuiMlf8iyQ50e//wCHvNLhD9RJ9I/k2OO1cl2WXZwLvRscjcxen3QUosjae1kYtRookuBxZdDlYtIvkWjRONdDEhCIOhdavxzYnOmj/jN/YvS/tmSGyVIWJpWbXZuonPcyxDJLkhGiPBY50icrfOiJD6MCW2/smk1yRlTohJ6M6JSLtn9VRDFOS3E4yT5Ladm+TW4xTb7JzUUSuZFRXD7F6eM1aJ+nlHodrhiYpofJIhCUujHHYqskubN8WNL6Ghoyquhx29nfRRJ0iD/ijcOR3ohCEQ6+P2lu3MkvsZVkuxMRkdEHzyLoscxyLExEizfKPR70pIhH7ZBjY5DZJmGNuyaMOVbdrMjhNcsnFJ8Cntg4/sx5KJzswxv+TNqeRWPgsyYozJxcHTLI9EilFUhscjcObN8l9nuyJZXdm5t2yPej5IWkNjmRVqyToi7EIRDrxrW9WObTpjV8okuLJPkTIsa3XYlTFLgchyHIixLR6SIJJaKdG5jZY7sxcIfJKCfJ7Y4lWOFCX7IZGuBvlSQsikIsywU0SjToXQ+UQy1xIbT6H4WSIiacaIqxxNzXAlZOBjfBJEERIiI9eC8VrliYZVwxxslii0PHJDUkKcU6MiuXBTRKbXZ3pjhatkoUrJMcqLEm2NbUJj4ZFjYmm6FijFk2oqxuUo39CvtMWS+GN2Y8bm+BenguzJgrmI7RGTRCNuyL4LGzJHmzdRCVuikbTpFnYv8A0nFCjpFEXSJTIJvlnRLojwihIiREhdeC+BpMnFxdox5L4Y0NEo2hK5G02L7HGLVFtEWm+ROKRJwyLajInF0W9ERinGpHtRPbif8AHv8AqS9NNK7MUHakXyZXukomVf8AzpCdaY4OZCKiqQxmSKsZj/qIsbJOxkYssjf0PrksjyNDsrg22yMUbH9EMf2yq0lHjSPJtEiKIrwXxZIkotO0J3zp2PAlyWbkTnxSKt8G2MI2y7I45f2RkTkr+zDibdyG4uXBddEJ7lWiZBjVqjrjSN7+SU0oFiVmKO1FljZLskuSMXQmNkpFlF0LkjNxJyUlZixpu5EY4mZaUqQ2xPSEG+TlcaWNktIJLsqxIghKvBfE1ZOJK0Ysn0xrTLBrlHOkOOWZJXEhyyHCJJqbSRHJzUuCOKUp7UR9LFLkyYnj5+hO1pET4JQldlMcE3ZniopUIxq2J6NjZLSJR2SWskxRK5PbpWyKW0brrRojidEoOLIwdEokuC7KZTEq0jKjE23Qo+K+OStE4ji10Y5OS50krVEux6OLoiq5MeQtXZ6hrfaPTyayKyzLHdBog+KF/Ig/oTE7Jx4sl2Tg3EXHBi7EJkmNjYhSUeyM3KVDi7sq+yULZSNqFBt8EcNPkzqocEbaoeJRjYo26PZaZHHKhqFc9nuUx5YtE6fQo0yitK0wR+xfgziNCVOyL3DROC/ROIk0xO1RKDvgipIjGVWyfLIXuVFjfBtaE6MbuYhFjhzZJcD4ZB00xO9JayaiK5u2J/yN3JdDdiTFD9i4LG19m23wSi+iMEOo8k876RY2VpLg3LVIUTGqRf4UojiQdDGrMkTaJUIskrVHsGOCgWWOmiUf0QjTtllllnZmhtdiMUrVCJF0TyV0K5vkX6F/YsuyMWxKtOTbJixfsjBImuS6RkyNuvGxo2CQkJEI2yq+C/jaTJRGhOxk42VyUUPyb8LLLLMz3KjaQm4SIzTHyTRLswQTTHwxf2NvFshC+zhHAqFQ80U6J5l9Hu26F/XkyTSVLWhlFFaKNii7PbZGNfitWSiLjRoa+exzHyLsjSds5TtG6uyTsn2em4TMqufBHGlyR5LLHSVs91DzcUi70x4+bZkZJplCWlFCRskQxO+SMNpSXnX4TiIZJEl5V50SjwO0+RH2VqyStEJKMCL5stCaSGyxtvwx/sTRkmq4KKEiMdzo9lntMhiS5YxMvzTE/JfK1o0SQ+PhoooRRkw7lwLA12e1XKLLLGxK0JNvSyLLHrRRF0hybKKKMUV9kYqLsv8AwLQ0NEl5UUUUUKDNpRTGijJid2ja/s7FFEVRjx02ycP0JtKmWRd6peFaRi2RxJCSX51+UkNEkNFFFCRQkxRNpSEiitKRKVDk2MS1gSRsQ4oSrRLShIo5I4m+yMdv4K+FeD1Xk+CSGiiihiQvBavgkx60Vpj7olEaGtKEvCiGLi2X9fgoX40lZ/4UbENFFFC8bGyQ0NFCibaKKIR/kmiUFIljcSS0QhKyMWyOH7ZsX+BXxNfAiitWUUe22LCvsWOJLGmeyLEiMVHR8mTFxaHjYsbZHC75FBLoSSH+IvyK1orVIoS0o2m1GxG1eV62WXrZf4iEvwLL+B6vRISKF5WX+YvJLwa+dMvyYy9EhLxvS/mv8CtGyy9Evx7L8GjaUV/g61sb1oS/Ksv/AA1eF+KX+ivxXwf/xAAqEQACAgEEAgIDAQADAAMAAAAAAQIREAMgITESMAQTQEFRUBQicVJgkP/aAAgBAwEBPwD/APHdYSKFBs8GeL/+gUyjxZ4MWmxaf9FFIpHGLxSY9I8WU/8AUoUWz6haR9aPBHgikjg4LzZZZZZebLHTPBM+pji1/oVZGFHRZY5Fl7b93lRw+yUb6HFr/JjGxaDrk+uKHGJ4IUUuiyyxv8hY8UOA4tD7/wAOKbdEdDi2KKj0Nje2t9fh1sas+tH1o+v/AANPSc+iGkoKsTHJl/lVhetJHimTh/Bwf5ejoufP6IpJUirGiSGh4ayhjeb9N/jpjimS0+eBxaP/AH8bS03OVCXjwtjimPTZKBWxb1663oea3Xm8dkoKRLSa6HFrv8JIjp+RGKiqRW1qyUOCUBxrCzW+vS8VuvKH6LwmJljSkPS/g9OS9tYRRpRpYre1Y4D0xposv0X+FXBXtsvFlktNSHo/wcWhrfWLwiPZFceqiiWmmS0h6b/R4McX6a9TxRRSRZe1D21uTLExVXJPRjLknDxZXq0WvLn2XijxQ4j07PqJaI9Fn1scGivwLG80Vhb6KZR4lDQoniUy2Rf6NeHF+puiM6lZF2ry+BN1voorP/ouShxKHEejY9Eeizwkhp/v12WWJ7ErKKwo2eCFA8Tx/pSKQucNcC4R2JWimuyuSVuD9PQ22I+PrKPDE7V5r2p7WMplDiSghxHErbZ48DHiKLo8hCOBKzxEko2iqLExsaKHxhdZXCsfJRPiI+/Qyxstmj8iuGRakrX4jKRWHY0VySiePJ4/o8BwPH+j74IxfiSQ8XhCYihCEhvNDGNDEuM9orGpNKI/RJ7dHW+v/wAIzU1a2Vmtq3LnLlWGxqxrkaKGv4Ik6GN8i1E+CSrcqqxSo8kKhF72dke6HGhPgvOv36dToWbEyGrKD4NP5EZidl+m8rDFwJt4a2PnDQ8SkmqGx9kOzUGNDFlCXI+BS4w6zYjpF4j2d8D4z9iujUlbw98hiZ3lMs0PkeLqXRGal1sWLEd5t3lbHixFFjeJDLJL9kOySscR4QihEXR2VQ/7m8J0WMQh6sUx6kWfarNXX44PITEMrdNcXihbLxGco9Gl8xpVJEdeEumd7V6HITssbxexsYyiT4QnySY2N2ViyyxC4JOkhFDzY5D1Ej7kS1pPobfbLLLELbWxqxxK2rYnXRHXnF8Mh8x9NEPkQkKSfTxdCZexui8MvZYxjeGyyXSP2J3EY+C8sQiLV8kpXITLobG0h66vglrPytMerJjm2Jllll4QvRRQ0PsbLGLcxMsU5LpkflST5F8xftEPkwl2R1YPpnlZ5EtRRVs1Pkyk+DQl5Rw1QtljmXaHhofBfGFNJDknihIqhx/aKLPJI84j1kS+Q2uD7ZE9SUuGyy8ULgvYkJehFYZNfsu9iK2WJFDEMTZ5Psj8ia4sfyZj15SjTGz4mrT8WeaR5JnkqFhscixO44ZY+y0Skjys8hzFP+imh6iPuHNsbf8ATnDy8pcFD2J4XoWWTKEqwsyFsb9CLExSf9FOS/YtWa/Z/wAqS7P+W/4S+VJn3SZ9shazPvVD1R649S+hy5LLLLE9z73pZeyiIt62yjZ4H1jjzSIaCa5JaDXQ4ND2MrN7VmxPai8Xh4vKwmXixMuhysvNZsssQ9iRWF7GUaU/0ztEo0S7/BRZe28WUPK2WIYuh4WbxexD2Ji5RRW1ehcC0k1aItrhkuRr+j2v13RZZeHtv0MTGJlehZRQxFLEOhj2ov0aM64Zqwd+SIyvglppk9Np0NVm9lFZSKGtiy91FYvN4RVlYsbLzQxblhRbF1WHtQ/QpNPgjJSRPTp+SE7JKySH2PF4rPBW6isvK2sW5PLHhKyq9SIiw9z9OjL9CdjiUTj+xaaJxp7km+sWL0vYvWtjIoVDRWY6XkrHDx2JEYuTpC0XQ013h7n6U65IStC5Jx/aHzwNUycbiUUPDINIawlZ4DVbF0UNYra9y3LkcOLeLxRHQ8icHB8kaoklJEo0UUaOg58shoqHOJaakamlGMb9K9GnOiLFRqRpjQ0SXOaGhFkuyHeGuCsLCHEYkPY9q2XiOnKXRD49O2a3/WNCg2KBGDZ9TXJGaSPGUz6lVH1SHpWTi4ujS03Niioqls+Q+Et7wvTpz/RGQ35cEo+LJL9jjY9NngzxtDgzwFGhrkiiuCiUaGRsSEjs8ObxJc7HtWyMXJ0jT+NzchJJUsNWcJUyFIbIq2R0EnbFwPDNaLfKNLV8eGJ3zlujUdse1exOjTnYpE1aKGqFh4oas+oUEiihxsenyRjRRQsNE0PLylY9mnpS1HSIaUYLjFpHnEc0xuyJ4kIUttFH0xuyy8TnSH3uWK9TIumQnYpWhrkkrOsP00UUUVhmo1v0IKSdklTrOjo+XL6IpR6G2TbHYtFtWQ0X+z60kV/24IR/vplJIc1R9qJS8t69ydEZ2WmUNCxWaK9UpUSdvd+z4v7Z8hJT4xo6Pk7ZVKkWWz62xaPNsrGpLjggiKzZZY2eaJavHA53uoey/cnRCZwxofAtrxRW1jXBJFD2rs05RhDglJydvHx1/wBBR/pSElQlhEhpkIvFjZKVKz7T7CWo31h+h7U/ZRWIyE7GuBC9iTZ9bJwI6Xk6JfHpcElWKKI6blyRT6Krgo+Nqc+LEhbZKxRrFjZqyrolJtUUV62tyfvUqOxqmJ+hFMpiRHg8htC4xrafNo+uX8Iwb6IfH/bIxUVSNPR8ZWzW0L5RyuyL8XaNHUc1zmtrJSSJal9Dbfve5PD9unKuGNHQns7Fptn1CioobLGWWWN/wjBvsUEikiOnGPWWPgcIvmhaUf4JIWxsssnqpPglJy/Be9YfsRF2iSEVmMf3l5eUrFFJCw82NnlYmIWbw2WT1ea/CfpTxXqeISp4rKLLLHtSsjwWJ4bLLLJNUKdMjOyLE8McqHJLsnrf/Ecm/wAFYfqT90XssvLLLFhFlj1Eh6zHqSIza7PtPsY5N4TohPnkU0PVSJav8HJtjbff4jH60y8V6k6E7xeEWORY2WxTZ5s82ebPNj520UUUVsr2r0N+6xFeqL/W1yGyy731iivRXtrZZexv8BMvNb0J44HIb/xGXhLFjf4dieXuTHIsv/DbLyliy994v22J/wCK/UsNl/krav8AAYvU/X//2Q==